{
  "Widnes": "威德尼斯",
  "Al-Qasim": "卡西姆",
  "Iraqi League": "伊拉克联赛",
  "Al Quwa Al Jawiya": "阿尔库瓦贾维耶",
  "Duhok": "杜胡克",
  "Erbil": "埃尔比勒",
  "Terengganu": "登嘉楼州",
  "Kelantan United": "吉兰丹联",
  "Super League": "超级联赛",
  "Professional Development League": "职业发展联盟",
  "Fleetwood Town": "弗利特伍德镇",
  "Al Orubah": "奥鲁巴",
  "Entebbe UPPC": "恩德培UPPC",
  "Friendlies Clubs": "友谊赛俱乐部",
  "Grazer AK": "格雷泽AK",
  "Komárno": "一只蚊子",
  "NK Slaven Belupo": "NK 斯拉文·贝卢波",
  "Gyori ETO": "江户行里",
  "NK Osijek": "NK奥西耶克",
  "Novi Pazar": "新帕扎尔",
  "Akhmat": "艾哈迈德",
  "São Paulo Youth Cup": "圣保罗青年杯",
  "Fortaleza U20": "福塔雷萨 U20",
  "Novorizontino U20": "新维里宗蒂诺 U20",
  "Ituano U20": "伊图阿诺 U20",
  "Água Santa U20": "阿瓜圣塔 U20",
  "Operário PR U20": "PR U20 工人",
  "Independente-AP U20": "独立-AP U20",
  "FA Cup": "足总杯",
  "Congleton Town": "康格尔顿镇",
  "Al-Karma": "卡尔玛",
  "Baghdad": "巴格达",
  "Fortuna Köln": "福尔图娜古龙水",
  "Chemnitzer": "开姆尼茨",
  "Vukovar": "武科瓦尔",
  "HNK Gorica": "HNK戈里察",
  "Radomlje": "拉多姆列",
  "Nacional SP U20": "国家SP U20",
  "Juventus U20": "尤文图斯 U20",
  "Girabola": "吉拉博拉",
  "Petro de Luanda": "罗安达石油公司",
  "Guelson": "盖尔森",
  "Division One League": "一级联赛",
  "Accra Lions": "阿克拉雄狮队",
  "Port City": "港口城",
  "Gazişehir Gaziantep": "加济谢希尔加济安泰普",
  "Kocaelispor": "科卡埃利体育",
  "Liga Revelação U23": "U23启示联赛",
  "Torreense": "托雷恩斯",
  "Liga MX U21": "墨西哥足球甲级联赛 U21",
  "Necaxa": "内卡萨",
  "Monterrey": "蒙特雷",
  "Puebla": "普埃布拉",
  "Mazatlan": "马萨特兰",
  "Cruz Azul": "蓝十字",
  "Atlas": "阿特拉斯",
  "Pro League": "职业联赛",
  "Al Okhdood": "奥赫杜德",
  "Al Kholood": "阿尔科鲁德",
  "Championnat National": "全国锦标赛",
  "Coton Sport Ouidah": "棉质运动维达",
  "Bani Gansè": "甘塞钱",
  "Al Shabab": "青年党",
  "Budaiya": "佛陀耶",
  "Al Najma": "阿尔纳吉玛",
  "Al Riffa": "阿尔里法",
  "GFA League": "GFA联赛",
  "Fortune": "财富",
  "Hawks": "老鹰队",
  "Police": "警察",
  "Gendrim": "根德里姆",
  "Medina United": "麦地那联",
  "BST Galaxy": "贝斯特银河",
  "TMT": "TMT",
  "Falcons": "猎鹰",
  "Tercera División RFEF - Group 11": "RFEF 第三组 - 第 11 组",
  "Son Cladera": "他们是克拉德拉",
  "Peña Deportiva": "体育俱乐部",
  "Japan": "日本",
  "Qatar": "卡塔尔",
  "UAE": "阿联酋",
  "Syria": "叙利亚",
  "AFC U23 Asian Cup": "亚足联U23亚洲杯",
  "Bnei Yehuda": "布内·耶胡达",
  "Maccabi Herzliya": "荷兹利亚马卡比",
  "Liga MX": "墨西哥足球甲级联赛",
  "FC Juarez": "华雷斯足球俱乐部",
  "Guadalajara Chivas": "瓜达拉哈拉芝华士",
  "Albion": "阿尔比恩",
  "Copa De La Liga Auf": "奥夫联赛杯",
  "Utrecht": "乌得勒支",
  "Twente": "特温特",
  "AS Roma": "作为罗马",
  "Torino": "都灵",
  "Kidderminster Harriers": "基德明斯特鹞队",
  "Morecambe": "莫克姆",
  "Scunthorpe": "斯肯索普",
  "Clitheroe": "克利瑟罗",
  "ST Johnstone": "圣约翰斯通",
  "Ross County": "罗斯县",
  "Ballymena United": "巴利米纳联",
  "Cliftonville": "克利夫顿维尔",
  "FC Halifax Town": "哈利法克斯镇足球俱乐部",
  "Anstey Nomads": "安斯蒂游牧民族",
  "Ayr Utd": "艾尔联队",
  "Stranraer": "斯特兰拉尔",
  "Arbroath": "阿布罗斯",
  "East Fife": "东法夫",
  "Queen's Park": "皇后公园",
  "Forfar Athletic": "福福竞技",
  "Cultural Leonesa": "莱昂文化",
  "Charleroi": "沙勒罗瓦",
  "Club Brugge KV": "布鲁日俱乐部 KV",
  "Cup": "杯子",
  "Tamworth": "塔姆沃斯",
  "Rochdale": "罗奇代尔",
  "Borussia Dortmund": "多特蒙德足球俱乐部",
  "Werder Bremen": "云达不来梅",
  "Partick": "帕蒂克",
  "Inverness CT": "康涅狄格州因弗内斯",
  "Finn Harps": "寻找竖琴",
  "Sligo Rovers": "斯莱戈流浪者",
  "Coupe de France": "法国杯",
  "Wales Premier League": "威尔士超级联赛",
  "Mauritania Premier League": "毛里塔尼亚超级联赛",
  "Fluminense U20": "弗鲁米嫩塞 U20",
  "Referencia U20": "参考U20",
  "Liverpool Montevideo": "利物浦蒙得维的亚",
  "El Kanemi Warriors": "El Kanemi Warriors",
  "Bayelsa United": "Bayelsa United",
  "NPFL": "尼日利亚职业足球联赛",
  "Lijabatho": "Lijabatho",
  "Maroala": "Maroala",
  "Maribor": "马拉开波slovenia_ traditional. kgm",
  "Vojvodina": "Vojvodina",
  "HNK Hajduk Split": "哈伊杜克",
  "Posušje": "Posušje",
  "Mura": "不均匀",
  "FK Partizan": "FK Partizan",
  "Selangor": "雪兰莪",
  "Negeri Sembilan": "斯里仁保镇",
  "Atsalenios": "Atsalenios",
  "Saronikos Anavyssou": "Saronikos Anavyssou",
  "Gamma Ethniki - Group 6": "Gamma Ethniki -第6组",
  "Aias Salamina": "Aias Salamina",
  "Giouchtas": "Giouchtas",
  "Amagaju": "Amagaju",
  "APR": "4月",
  "National Soccer League": "国家足球联盟",
  "GOR Mahia": "GOR 马希亚",
  "Murang'a SEAL": "Murang 'a印章",
  "Zbrojovka Brno": "Zbrojovka Brno",
  "Bunyodkor": "Bunyodkor",
  "Javor": "贾沃尔",
  "Baník Ostrava": "Baník Ostrava",
  "Al Kuwait": "Al Kuwait",
  "Al Jahra": "Al Jahra",
  "Levadiakos": "莱瓦迪亚科斯",
  "Kifisia": "Kifisia",
  "Maniema Union": "Maniema Union",
  "Vita Club": "Vita Club",
  "Raków Częstochowa": "Raków Częstochowa",
  "Ludogorets": "Ludogorets",
  "Neuchatel Xamax": "纳沙泰尔",
  "Servette": "Servette",
  "SCR Altach": "SCR 阿尔塔奇",
  "AS Trencin": "AS 特伦钦",
  "NK Lokomotiva Zagreb": "NK 萨格勒布火车头",
  "Velež": "Velež",
  "Italy": "意大利",
  "Spain": "西班牙",
  "Friendlies": "福娃",
  "Puszcza Niepołomice": "Puszcza Niepołomice",
  "Hutnik Kraków": "Hutnik Kraków",
  "HNK Rijeka": "HNK Rijeka",
  "Koper": "神户africa. kgm",
  "Wisla Krakow": "维斯拉克拉科夫",
  "Mladost Lucani": "Mladost Lucani",
  "Sporting Trestina": "Sporting Trestina",
  "San Donato Tavarnelle": "San Donato Tavarnelle",
  "Serie D - Girone E": "Serie D - Girone E",
  "AS New Soger": "AS New Soger",
  "CS Manika": "CS Manika",
  "Renate": "雷纳特",
  "Latina": "拉蒂纳",
  "Limkokwing University": "林国荣大学",
  "Lioli": "Lioli",
  "CSKA Sofia": "CSKA SOFIA",
  "Korona Kielce": "Korona Kielce",
  "Al Najaf": "阿尔纳杰夫",
  "Naft Maysan": "迈桑石油",
  "友谊赛俱乐部": "友谊赛俱乐部",
  "神户africa. kgm": "神户africa. kgm",
  "Lesotho Premier League": "莱索托超级联赛",
  "马超": "马超",
  "雪兰莪": "雪兰莪",
  "斯里仁保镇": "斯里仁保镇",
  "马六甲": "马六甲",
  "马来西亚皇家警察": "马来西亚皇家警察",
  "赞比亚超": "赞比亚超",
  "动力发电机": "动力发电机",
  "绿鹰": "绿鹰",
  "Gamma Ethniki -第6组": "伽玛民族-第 6组",
  "国家足球联盟": "国家足球联盟",
  "4月": "4月",
  "肯尼亚超": "肯尼亚超",
  "Murang 'a印章": "Murang 'a印章",
  "贾沃尔": "贾沃尔",
  "Servette二队": "Servette二队",
  "福娃": "福娃",
  "意大利": "意大利",
  "西班牙": "西班牙",
  "维斯拉克拉科夫": "维斯拉克拉科夫",
  "林国荣大学": "林国荣大学",
  "意杯": "意杯",
  "雷纳特": "雷纳特",
  "马拉开波slovenia_ traditional. kgm": "马拉开波slovenia_traditional. kgm",
  "哈伊杜克": "哈伊杜克",
  "不均匀": "不均匀",
  "法甲": "法甲",
  "CSKA SOFIA": "CSKA SOFIA",
  "伊拉克联赛": "伊拉克联赛",
  "Al Minaa Basra": "阿尔米纳巴士拉",
  "Al Karkh": "卡尔赫",
  "Barau": "巴劳",
  "Niger Tornadoes": "尼日尔龙卷风",
  "巴劳": "巴劳",
  "尼日尔龙卷风": "尼日尔龙卷风",
  "Al-Qadisiyah": "Al Qadisiyah",
  "Al-Fayha": "阿尔费萨里",
  "沙特联": "沙特联",
  "Al Qadisiyah": "卡迪西亚",
  "Club America": "Club America",
  "Atl. San Luis": "Atl. San Luis",
  "Queretaro": "克雷塔罗",
  "Club Tijuana": "Club Tijuana",
  "Toluca": "塔尔卡el_ salvador. kgm",
  "Santos Laguna": "桑托斯拉古纳",
  "墨西哥足球甲级联赛 U21": "墨西哥足球甲级联赛 U21",
  "克雷塔罗": "克雷塔罗",
  "塔尔卡el_ salvador. kgm": "塔尔卡el_salvador. kgm",
  "桑托斯拉古纳": "桑托斯拉古纳",
  "Abia Warriors": "阿比亚勇士",
  "Plateau United": "高原联",
  "Wikki Tourist": "维基游客",
  "Warri Wolves": "瓦里狼队",
  "AEK Athens": "雅典AEK",
  "OFI": "OFI",
  "Enugu Rangers": "埃努古流浪者",
  "Rivers United": "里弗斯联合",
  "İstanbulspor": "İstanbulspor",
  "Trabzonspor": "特拉布宗斯波尔",
  "União Leiria": "União Leiria",
  "Estrela": "埃斯特雷拉",
  "Vizela": "Vizela",
  "Gil Vicente": "Gil Vicente",
  "维基游客": "维基游客",
  "里弗斯联合": "里弗斯联合",
  "土杯": "土杯",
  "特拉布宗斯波尔": "特拉布宗斯波尔",
  "U23启示联赛": "U23启示联赛",
  "埃斯特雷拉": "埃斯特雷拉",
  "Sturm Graz": "施图尔姆格拉茨",
  "FC Copenhagen": "哥本哈根足球俱乐部",
  "Kwara United": "Kwara United",
  "Bendel Insurance": "本德尔保险",
  "本德尔保险": "本德尔保险",
  "施图尔姆格拉茨": "施图尔姆格拉茨",
  "哥本哈根足球俱乐部": "哥本哈根足球俱乐部",
  "Lokomotive Leipzig": "Lokomotive Leipzig",
  "Rot-weiss Oberhausen": "Rot-weiss Oberhausen",
  "Remo Stars": "Remo Stars",
  "Ikorodu City": "Ikorodu City",
  "Shooting Stars": "流星来啦",
  "Enyimba": "埃努古流浪者",
  "流星来啦": "流星来啦",
  "Nasarawa United": "纳萨拉瓦联",
  "Kano Pillars": "卡诺支柱",
  "UD Caravaca": "UD Caravaca",
  "Tercera División RFEF - Group 13": "Tercera División RFEF -第13组",
  "Real Murcia二队": "真正的穆尔西亚二队",
  "Real Murcia": "真正的穆尔西亚",
  "Tercera División RFEF -第13组": "Tercera División RFEF -第 13组",
  "真正的穆尔西亚二队": "真正的穆尔西亚二队",
  "JSK": "JSK",
  "FC Renaissance": "FC Renaissance",
  "Al Salmiyah": "Al Salmiyah",
  "Al Nasar": "Al Nasar",
  "Sharjah": "沙迦",
  "Al Bataeh": "阿尔巴塔赫",
  "职业联赛": "职业联赛",
  "奥赫杜德": "奥赫杜德",
  "阿尔科鲁德": "阿尔科鲁德",
  "加济谢希尔加济安泰普": "加济安泰普",
  "科卡埃利体育": "科卡埃利体育",
  "英超": "英超",
  "青年党": "青年党",
  "佛陀耶": "拜仁慕尼黑",
  "埃尔比勒": "埃尔比勒",
  "杜胡克": "杜胡克",
  "GFA联赛": "GFA联赛",
  "亚足联U23亚洲杯": "亚足联U23亚洲杯",
  "圣保罗青年杯": "圣保罗青年杯",
  "德甲": "德甲",
  "北爱超": "北爱尔兰超级联赛",
  "英挑杯": "英格兰挑战杯",
  "英联杯": "英格兰联赛杯",
  "荷兰杯": "荷兰杯",
  "西杯": "国王杯",
  "英锦赛": "英格兰联赛锦标赛",
  "苏挑杯": "苏格兰挑战杯",
  "毕尔巴鄂": "毕尔巴鄂竞技",
  "墨西哥足球甲级联赛": "墨西哥足球甲级联赛",
  "华雷斯足球俱乐部": "华雷斯足球俱乐部",
  "瓜达拉哈拉芝华士": "瓜达拉哈拉芝华士",
  "Gil Vicente U23": "吉尔维森特 U23",
  "Vizela U23": "维泽拉 U23",
  "曼城": "曼城",
  "利物浦": "利物浦",
  "CSKA 1948": "中央陆军1948",
  "Lask Linz": "林茨",
  "Chrudim": "赫鲁迪姆",
  "Hradec Králové": "赫拉德茨克拉洛韦",
  "Arda Kardzhali": "阿尔达·克尔贾利",
  "Levski Karlovo": "莱夫斯基卡尔洛沃",
  "中央陆军1948": "中央陆军1948",
  "林茨": "林茨",
  "TIP杯": "TIP杯",
  "赫鲁迪姆": "赫鲁迪姆",
  "赫拉德茨克拉洛韦二队": "赫拉德茨克拉洛韦二队",
  "阿尔达·克尔贾利": "阿尔达·克尔贾利",
  "莱夫斯基卡尔洛沃": "莱夫斯基卡尔洛沃",
  "Pardubice": "帕尔杜比采",
  "Vysočina Jihlava": "伊赫拉瓦",
  "帕尔杜比采": "帕尔杜比采",
  "伊赫拉瓦": "伊赫拉瓦",
  "Erzurum BB": "埃尔祖鲁姆BB",
  "Rizespor": "里泽体育",
  "埃尔祖鲁姆BB": "埃尔祖鲁姆BB",
  "里泽体育": "里泽体育"
}