{
  "Real Noroeste": "皇家西北",
  "Forte": "福尔特",
  "Capixaba": "卡皮萨巴",
  "Vizela": "维泽拉",
  "Ypiranga-RS": "伊皮兰加-RS",
  "Guarany de Bagé": "巴热瓜拉尼",
  "Gaúcho - 1": "高乔 - 1",
  "Portuguesa RJ": "葡萄牙人RJ",
  "Botafogo": "博塔弗戈",
  "Independência": "独立队",
  "Santa Cruz AC": "圣克鲁斯AC",
  "Acreano": "阿克里人",
  "Monsoon": "季风",
  "Internacional": "国际",
  "São Paulo U20": "圣保罗U20",
  "Jamaica Premier League": "牙买加超级联赛",
  "Melbourne City": "墨尔本城",
  "Newcastle Jets": "纽卡斯尔喷气机",
  "A-League Women": "澳超女足联赛",
  "Inhumas": "伊努马斯",
  "ABECAT Ouvidorense": "阿贝卡特奥维多伦斯",
  "Goiano - 1": "戈亚诺州联赛 - 1",
  "Pacos Ferreira": "帕科斯费雷拉",
  "Segunda Liga": "葡甲",
  "Racing Santander": "桑坦德竞技",
  "Tivoli Gardens": "蒂沃利花园",
  "Montego Bay United": "蒙特哥贝联队",
  "Portmore United": "波特莫尔联",
  "Spanish Town Police": "西班牙镇警察",
  "Burgos": "布尔戈斯",
  "Sparta Rotterdam": "鹿特丹斯巴达",
  "FC Volendam": "福伦丹足球俱乐部",
  "Como": "科莫",
  "AC Milan": "AC米兰",
  "AL Masry": "埃及人",
  "Zamalek SC": "扎马雷克体育俱乐部",
  "US Bougouba": "布古巴联",
  "USFAS Bamako": "巴马科USFAS",
  "CR Belouizdad": "贝尔维代足球俱乐部",
  "ASM Oran": "ASM奥兰",
  "Palmeiras U20": "帕尔梅拉斯U20",
  "澳超女足联赛": "澳超女足联赛",
  "墨尔本城女足": "墨尔本城女足",
  "纽卡斯尔喷气机女足": "纽卡斯尔喷气机女足",
  "Flamengo SP U20": "弗拉门戈SP U20",
  "El Mokawloon": "莫卡沃隆",
  "Ceramica Cleopatra": "陶瓷器皿",
  "Santo André U20": "圣安德烈U20",
  "Ibrachina U20": "伊布拉奇纳U20",
  "Bahrain Premier League": "巴林足球超级联赛",
  "Heerenveen": "海伦芬",
  "Waalwijk": "瓦尔韦克",
  "Kafr Qasim": "卡法尔卡西姆",
  "Hapoel Kfar Saba": "哈普尔克法尔萨巴",
  "Beşiktaş": "贝西克塔斯",
  "Keçiörengücü": "凯西奥伦古库",
  "Verona": "维罗纳",
  "RB Bragantino U20": "布拉干蒂诺红牛U20",
  "Canaã U20": "迦南U20",
  "Western Sydney Wanderers": "西悉尼流浪者",
  "Brisbane Roar": "布里斯班狮吼",
  "西悉尼流浪者女足": "西悉尼流浪者女足",
  "布里斯班狮吼女足": "布里斯班狮吼女足",
  "Tzeirei Umm al-Fahm": "乌姆法姆青年队",
  "Hapoel Tirat HaCarmel": "海法哈普尔",
  "Liga Alef": "阿莱夫联赛",
  "Auckland": "奥克兰",
  "Bekasi City": "勿加泗市",
  "Sriwijaya": "斯里维加亚",
  "Liga 2": "印尼甲级联赛",
  "阿莱夫联赛": "阿莱夫联赛",
  "乌姆法姆青年队": "乌姆法姆青年队",
  "海法哈普尔": "海法工人",
  "印尼甲级联赛": "印尼甲级联赛",
  "勿加泗市": "勿加泗市",
  "斯里维加亚": "斯里维加亚",
  "澳超": "澳超",
  "墨尔本城": "墨尔本城",
  "奥克兰": "奥克兰"
}