[
  {
    "key": "1489328_0.75",
    "match_id": 1489328,
    "timestamp": "2026-01-15 18:12:30",
    "league": "土杯",
    "home_team": "埃尔祖鲁姆BB",
    "away_team": "里泽体育",
    "score_at_rec": "0-0",
    "time_at_rec": "11'",
    "bet_type": "HDP 0.75",
    "odds": 1.8,
    "fair_odds": 1.54,
    "ev": 16.9,
    "algo": "AI 综合模型 V3 (泊松+GNN)",
    "stake": "¥50000",
    "result": "Pending",
    "snapshot": {
      "home_da": 11,
      "home_sot": 1,
      "home_corners": 1,
      "away_da": 12,
      "away_sot": 1,
      "away_corners": 1
    }
  },
  {
    "key": "1502428_-1.0",
    "match_id": 1502428,
    "timestamp": "2026-01-15 18:12:30",
    "league": "TIP杯",
    "home_team": "赫鲁迪姆",
    "away_team": "赫拉德茨克拉洛韦二队",
    "score_at_rec": "2-1",
    "time_at_rec": "42'",
    "bet_type": "HDP -1.0",
    "odds": 1.95,
    "fair_odds": 1.74,
    "ev": 12.1,
    "algo": "AI 综合模型 V3 (泊松+GNN)",
    "stake": "¥31800",
    "result": "Pending",
    "snapshot": {
      "home_da": 40,
      "home_sot": 6,
      "home_corners": 4,
      "away_da": 38,
      "away_sot": 5,
      "away_corners": 4
    }
  },
  {
    "key": "1502428_OU_5.5",
    "match_id": 1502428,
    "timestamp": "2026-01-15 18:12:30",
    "league": "TIP杯",
    "home_team": "赫鲁迪姆",
    "away_team": "赫拉德茨克拉洛韦二队",
    "score_at_rec": "2-1",
    "time_at_rec": "42'",
    "bet_type": "Over 5.5",
    "odds": 2.25,
    "fair_odds": 1.41,
    "ev": 59.6,
    "algo": "AI 综合模型 V3 (泊松+GNN)",
    "stake": "¥50000",
    "result": "Pending"
  },
  {
    "key": "1489328_OU_2.5",
    "match_id": 1489328,
    "timestamp": "2026-01-15 18:13:04",
    "league": "土杯",
    "home_team": "埃尔祖鲁姆BB",
    "away_team": "里泽体育",
    "score_at_rec": "0-0",
    "time_at_rec": "11'",
    "bet_type": "Over 2.5",
    "odds": 2.1,
    "fair_odds": 1.8,
    "ev": 16.7,
    "algo": "AI 综合模型 V3 (泊松+GNN)",
    "stake": "¥37900",
    "result": "Pending"
  },
  {
    "key": "1502428_-0.75",
    "match_id": 1502428,
    "timestamp": "2026-01-15 18:14:28",
    "league": "TIP杯",
    "home_team": "赫鲁迪姆",
    "away_team": "赫拉德茨克拉洛韦二队",
    "score_at_rec": "2-1",
    "time_at_rec": "43'",
    "bet_type": "HDP -0.75",
    "odds": 1.75,
    "fair_odds": 1.54,
    "ev": 13.6,
    "algo": "AI 综合模型 V3 (泊松+GNN)",
    "stake": "¥45500",
    "result": "Pending",
    "snapshot": {
      "home_da": 38,
      "home_sot": 6,
      "home_corners": 4,
      "away_da": 41,
      "away_sot": 5,
      "away_corners": 4
    }
  },
  {
    "key": "1502428_OU_4.5",
    "match_id": 1502428,
    "timestamp": "2026-01-15 18:14:28",
    "league": "TIP杯",
    "home_team": "赫鲁迪姆",
    "away_team": "赫拉德茨克拉洛韦二队",
    "score_at_rec": "2-1",
    "time_at_rec": "43'",
    "bet_type": "Over 4.5",
    "odds": 1.44,
    "fair_odds": 1.13,
    "ev": 27.4,
    "algo": "AI 综合模型 V3 (泊松+GNN)",
    "stake": "¥50000",
    "result": "Pending"
  }
]