{
  "bankroll": 7214.553611074111,
  "active_orders": [
    {
      "order_id": "ORD_1404196_1768398632",
      "match_id": 1404196,
      "event": "Johor Darul Takzim vs Kuching FA",
      "selection": {
        "type": "AH",
        "line": -0.25,
        "desc": "Home -0.25 @ 1.70"
      },
      "odds": 1.7,
      "stake": 426.55,
      "reason": "Kelly Signal > 0",
      "timestamp": 1768398632.5265305,
      "status": "OPEN"
    },
    {
      "order_id": "ORD_1415495_1768398635",
      "match_id": 1415495,
      "event": "Bylis vs Tirana",
      "selection": {
        "type": "AH",
        "line": 0.75,
        "desc": "Home 0.75 @ 1.90"
      },
      "odds": 1.9,
      "stake": 453.67,
      "reason": "Kelly Signal > 0",
      "timestamp": 1768398635.2351325,
      "status": "OPEN"
    },
    {
      "order_id": "ORD_1502490_1768398641",
      "match_id": 1502490,
      "event": "Gharraf vs Naft",
      "selection": {
        "type": "AH",
        "line": 0.0,
        "desc": "Home 0.0 @ 2.00"
      },
      "odds": 2.0,
      "stake": 430.99,
      "reason": "Kelly Signal > 0",
      "timestamp": 1768398641.3185284,
      "status": "OPEN"
    },
    {
      "order_id": "ORD_1489329_1768482131",
      "match_id": 1489329,
      "event": "埃于普体育 vs 76伊迪尔市体育",
      "selection": {
        "type": "AH",
        "line": 0.0,
        "side": "Away",
        "start_score": [
          0,
          1
        ],
        "desc": "Away (平手 0) @ 2.02"
      },
      "odds": 2.02,
      "stake": 468.57,
      "reason": "Kelly Signal > 0 (Away)",
      "timestamp": 1768482131.5792997,
      "status": "OPEN"
    },
    {
      "order_id": "ORD_1494076_1768482133",
      "match_id": 1494076,
      "event": "巴特纳竞技俱乐部 vs 帕拉杜AC",
      "selection": {
        "type": "AH",
        "line": 0.0,
        "side": "Home",
        "start_score": [
          0,
          0
        ],
        "desc": "Home (平手 0) @ 1.95"
      },
      "odds": 1.95,
      "stake": 87.25,
      "reason": "Kelly Signal > 0 (Home)",
      "timestamp": 1768482133.763226,
      "status": "OPEN"
    },
    {
      "order_id": "ORD_1503861_1768482134",
      "match_id": 1503861,
      "event": "中日德兰足球俱乐部 vs 费伦茨瓦罗斯",
      "selection": {
        "type": "AH",
        "line": 0.25,
        "start_score": [
          0,
          0
        ],
        "desc": "Home 0.25 @ 1.95 (Score 0-0)"
      },
      "odds": 1.95,
      "stake": 440.78,
      "reason": "Kelly Signal > 0",
      "timestamp": 1768482134.104464,
      "status": "OPEN"
    },
    {
      "order_id": "ORD_1482256_1768482137",
      "match_id": 1482256,
      "event": "Ethiopian Medhin vs Welwalo Adigrat Uni",
      "selection": {
        "type": "AH",
        "line": 0.0,
        "start_score": [
          0,
          0
        ],
        "desc": "Home 0.0 @ 2.02 (Score 0-0)"
      },
      "odds": 2.02,
      "stake": 205.06,
      "reason": "Kelly Signal > 0",
      "timestamp": 1768482137.4900324,
      "status": "OPEN"
    },
    {
      "order_id": "ORD_1506286_1768482137",
      "match_id": 1506286,
      "event": "Shkendija vs Akademija Pandev",
      "selection": {
        "type": "AH",
        "line": -0.5,
        "start_score": [
          1,
          0
        ],
        "desc": "Home -0.5 @ 2.05 (Score 1-0)"
      },
      "odds": 2.05,
      "stake": 333.23,
      "reason": "Kelly Signal > 0",
      "timestamp": 1768482137.5841858,
      "status": "OPEN"
    },
    {
      "order_id": "ORD_1456544_1768552801",
      "match_id": 1456544,
      "event": "Tzeirei Umm al-Fahm vs Hapoel Tirat HaCarmel",
      "selection": {
        "type": "AH",
        "line": 0.75,
        "start_score": [
          0,
          0
        ],
        "desc": "Home 0.75 @ 1.98 (Score 0-0)"
      },
      "odds": 1.98,
      "stake": 384.83,
      "reason": "Kelly Signal > 0",
      "timestamp": 1768552801.1859376,
      "status": "OPEN"
    },
    {
      "order_id": "ORD_1469628_1768552820",
      "match_id": 1469628,
      "event": "墨尔本城 vs 奥克兰",
      "selection": {
        "type": "AH",
        "line": 0.0,
        "side": "Home",
        "start_score": [
          0,
          0
        ],
        "desc": "Home (平手 0) @ 1.85"
      },
      "odds": 1.85,
      "stake": 97.25,
      "reason": "Kelly Signal > 0 (Home)",
      "timestamp": 1768552820.2069137,
      "status": "OPEN"
    }
  ],
  "ledger": [
    {
      "time": "2026-01-16 16:40:20",
      "type": "BET",
      "amount": -97.25,
      "balance": 7214.55,
      "desc": "下单: 墨尔本城 vs 奥克兰 [Home (平手 0) @ 1.85] @ 1.85"
    },
    {
      "time": "2026-01-16 16:40:01",
      "type": "BET",
      "amount": -384.83,
      "balance": 7311.8,
      "desc": "下单: Tzeirei Umm al-Fahm vs Hapoel Tirat HaCarmel [Home 0.75 @ 1.98 (Score 0-0)] @ 1.98"
    },
    {
      "time": "2026-01-16 13:40:20",
      "type": "LOSS",
      "amount": 0.0,
      "balance": 7696.63,
      "desc": "结算 (LOSS): Real Noroeste vs Forte PnL: -332.28"
    },
    {
      "time": "2026-01-16 13:40:20",
      "type": "LOSS",
      "amount": 0.0,
      "balance": 7696.63,
      "desc": "结算 (LOSS): Portuguesa RJ vs Botafogo PnL: -281.12"
    },
    {
      "time": "2026-01-16 13:40:20",
      "type": "LOSS",
      "amount": 0.0,
      "balance": 7696.63,
      "desc": "结算 (LOSS): 热基耶 vs 波尔图BA PnL: -114.24"
    },
    {
      "time": "2026-01-16 08:00:44",
      "type": "LOSS",
      "amount": 0.0,
      "balance": 7696.63,
      "desc": "结算 (LOSS): Ypiranga-RS vs Guarany de Bagé PnL: -222.90"
    },
    {
      "time": "2026-01-16 07:56:42",
      "type": "WIN",
      "amount": 750.04,
      "balance": 7696.63,
      "desc": "结算 (WIN): São Paulo U20 vs PR U20 工人 PnL: +371.23"
    },
    {
      "time": "2026-01-16 07:56:42",
      "type": "WIN",
      "amount": 633.36,
      "balance": 6946.59,
      "desc": "结算 (WIN): Independência vs Santa Cruz AC PnL: +316.68"
    },
    {
      "time": "2026-01-16 07:56:42",
      "type": "LOSS",
      "amount": 0.0,
      "balance": 6313.23,
      "desc": "结算 (LOSS): Monsoon vs Internacional PnL: -359.87"
    },
    {
      "time": "2026-01-16 07:34:25",
      "type": "LOSS",
      "amount": 0.0,
      "balance": 6313.23,
      "desc": "结算 (LOSS): Inhumas vs ABECAT Ouvidorense PnL: -96.96"
    },
    {
      "time": "2026-01-16 06:19:56",
      "type": "BET",
      "amount": -332.28,
      "balance": 6313.23,
      "desc": "下单: Real Noroeste vs Forte [Away (客受 1.0) @ 1.80] @ 1.8"
    },
    {
      "time": "2026-01-16 06:15:56",
      "type": "BET",
      "amount": -114.24,
      "balance": 6645.5,
      "desc": "下单: 热基耶 vs 波尔图BA [Away (客受 0.75) @ 1.82] @ 1.8199999999999998"
    },
    {
      "time": "2026-01-16 06:11:43",
      "type": "WIN",
      "amount": 230.01,
      "balance": 6759.74,
      "desc": "结算 (WIN): Vizela vs Pacos Ferreira PnL: +105.68"
    },
    {
      "time": "2026-01-16 06:09:42",
      "type": "HALF_WIN",
      "amount": 512.89,
      "balance": 6529.73,
      "desc": "结算 (HALF_WIN): Racing Santander vs 巴萨 PnL: +159.17"
    },
    {
      "time": "2026-01-16 06:07:41",
      "type": "LOSS",
      "amount": 0.0,
      "balance": 6016.84,
      "desc": "结算 (LOSS): Tivoli Gardens vs Montego Bay United PnL: -372.34"
    },
    {
      "time": "2026-01-16 06:03:38",
      "type": "LOSS",
      "amount": 0.0,
      "balance": 6016.84,
      "desc": "结算 (LOSS): 桑帕约科雷亚RJ vs 新伊瓜苏 PnL: -177.85"
    },
    {
      "time": "2026-01-16 06:01:36",
      "type": "LOSS",
      "amount": 0.0,
      "balance": 6016.84,
      "desc": "结算 (LOSS): 弗鲁米嫩塞 U20 vs 伊图阿诺 U20 PnL: -346.36"
    },
    {
      "time": "2026-01-16 06:01:23",
      "type": "BET",
      "amount": -316.68,
      "balance": 6016.84,
      "desc": "下单: Independência vs Santa Cruz AC [Home 0.5 @ 2.00 (Score 0-0)] @ 2.0"
    },
    {
      "time": "2026-01-16 06:01:23",
      "type": "BET",
      "amount": -281.12,
      "balance": 6333.51,
      "desc": "下单: Portuguesa RJ vs Botafogo [Away (客受 0.25) @ 1.93] @ 1.9300000000000002"
    },
    {
      "time": "2026-01-16 06:01:23",
      "type": "BET",
      "amount": -222.9,
      "balance": 6614.64,
      "desc": "下单: Ypiranga-RS vs Guarany de Bagé [Away (客受 0.5) @ 1.95] @ 1.95"
    },
    {
      "time": "2026-01-16 06:01:22",
      "type": "BET",
      "amount": -359.87,
      "balance": 6837.54,
      "desc": "下单: Monsoon vs Internacional [Home 1.0 @ 1.75 (Score 0-0)] @ 1.75"
    },
    {
      "time": "2026-01-16 05:59:48",
      "type": "BET",
      "amount": -378.81,
      "balance": 7197.41,
      "desc": "下单: São Paulo U20 vs PR U20 工人 [Away (客受 1.25) @ 1.98] @ 1.98"
    },
    {
      "time": "2026-01-16 05:57:33",
      "type": "LOSS",
      "amount": 0.0,
      "balance": 7576.22,
      "desc": "结算 (LOSS): Sparta Rotterdam vs FC Volendam PnL: -482.47"
    },
    {
      "time": "2026-01-16 05:55:31",
      "type": "WIN",
      "amount": 828.61,
      "balance": 7576.22,
      "desc": "结算 (WIN): Portmore United vs Spanish Town Police PnL: +392.50"
    },
    {
      "time": "2026-01-16 05:55:31",
      "type": "HALF_LOSS",
      "amount": 157.56,
      "balance": 6747.61,
      "desc": "结算 (HALF_LOSS): 港湾景 vs 沃特豪斯 PnL: -157.56"
    },
    {
      "time": "2026-01-16 05:53:30",
      "type": "LOSS",
      "amount": 0.0,
      "balance": 6590.05,
      "desc": "结算 (LOSS): Burgos vs 瓦伦西亚 PnL: -444.59"
    },
    {
      "time": "2026-01-16 05:43:24",
      "type": "LOSS",
      "amount": 0.0,
      "balance": 6590.05,
      "desc": "结算 (LOSS): 科莫 vs AC Milan PnL: -352.47"
    },
    {
      "time": "2026-01-16 05:34:43",
      "type": "BET",
      "amount": -96.96,
      "balance": 6590.05,
      "desc": "下单: Inhumas vs ABECAT Ouvidorense [Away (客受 0.25) @ 1.77] @ 1.77"
    },
    {
      "time": "2026-01-16 05:33:11",
      "type": "PUSH",
      "amount": 90.6,
      "balance": 6687.01,
      "desc": "结算 (PUSH): 奥格斯堡足球俱乐部 vs 柏林联合 PnL: +0.00"
    },
    {
      "time": "2026-01-16 04:54:26",
      "type": "LOSS",
      "amount": 0.0,
      "balance": 6596.41,
      "desc": "结算 (LOSS): Palmeiras U20 vs Flamengo SP U20 PnL: -310.35"
    },
    {
      "time": "2026-01-16 04:17:53",
      "type": "BET",
      "amount": -124.33,
      "balance": 6596.41,
      "desc": "下单: Vizela vs Pacos Ferreira [Away (客受 0.75) @ 1.85] @ 1.85"
    },
    {
      "time": "2026-01-16 04:16:24",
      "type": "BET",
      "amount": -353.72,
      "balance": 6720.74,
      "desc": "下单: Racing Santander vs 巴萨 [Home 2.25 @ 1.90 (Score 0-0)] @ 1.9"
    },
    {
      "time": "2026-01-16 04:15:39",
      "type": "LOSS",
      "amount": 0.0,
      "balance": 7074.47,
      "desc": "结算 (LOSS): Santo André U20 vs Ibrachina U20 PnL: -265.86"
    },
    {
      "time": "2026-01-16 04:07:31",
      "type": "LOSS",
      "amount": 0.0,
      "balance": 7074.47,
      "desc": "结算 (LOSS): AL Masry vs Zamalek SC PnL: -286.36"
    },
    {
      "time": "2026-01-16 04:07:11",
      "type": "BET",
      "amount": -372.34,
      "balance": 7074.47,
      "desc": "下单: Tivoli Gardens vs Montego Bay United [Home 0.25 @ 1.88 (Score 0-0)] @ 1.88"
    },
    {
      "time": "2026-01-16 04:04:52",
      "type": "BET",
      "amount": -315.13,
      "balance": 7446.81,
      "desc": "下单: 港湾景 vs 沃特豪斯 [Away (客受 0.25) @ 1.70] @ 1.7"
    },
    {
      "time": "2026-01-16 04:04:52",
      "type": "BET",
      "amount": -177.85,
      "balance": 7761.94,
      "desc": "下单: 桑帕约科雷亚RJ vs 新伊瓜苏 [Home 0.0 @ 1.75 (Score 0-0)] @ 1.75"
    },
    {
      "time": "2026-01-16 04:02:51",
      "type": "BET",
      "amount": -346.36,
      "balance": 7939.79,
      "desc": "下单: 弗鲁米嫩塞 U20 vs 伊图阿诺 U20 [Home 0.0 @ 1.85 (Score 0-0)] @ 1.85"
    },
    {
      "time": "2026-01-16 04:02:17",
      "type": "BET",
      "amount": -436.11,
      "balance": 8286.15,
      "desc": "下单: Portmore United vs Spanish Town Police [Away (客受 1.75) @ 1.90] @ 1.9"
    },
    {
      "time": "2026-01-16 04:01:42",
      "type": "BET",
      "amount": -444.59,
      "balance": 8722.27,
      "desc": "下单: Burgos vs 瓦伦西亚 [Home 0.5 @ 1.77 (Score 0-0)] @ 1.77"
    },
    {
      "time": "2026-01-16 04:01:23",
      "type": "BET",
      "amount": -482.47,
      "balance": 9166.86,
      "desc": "下单: Sparta Rotterdam vs FC Volendam [Away (客受 1.25) @ 1.95] @ 1.95"
    },
    {
      "time": "2026-01-16 03:59:21",
      "type": "HALF_WIN",
      "amount": 429.55,
      "balance": 9649.33,
      "desc": "结算 (HALF_WIN): 布古巴联 vs USFAS Bamako PnL: +128.11"
    },
    {
      "time": "2026-01-16 03:59:21",
      "type": "WIN",
      "amount": 612.39,
      "balance": 9219.77,
      "desc": "结算 (WIN): CR Belouizdad vs ASM Oran PnL: +295.09"
    },
    {
      "time": "2026-01-16 03:59:21",
      "type": "WIN",
      "amount": 646.83,
      "balance": 8607.39,
      "desc": "结算 (WIN): El Mokawloon vs Ceramica Cleopatra PnL: +320.15"
    },
    {
      "time": "2026-01-16 03:47:24",
      "type": "BET",
      "amount": -352.47,
      "balance": 7960.56,
      "desc": "下单: 科莫 vs AC Milan [Home 0.0 @ 2.10 (Score 0-0)] @ 2.1"
    },
    {
      "time": "2026-01-16 03:47:16",
      "type": "WIN",
      "amount": 570.71,
      "balance": 8313.03,
      "desc": "结算 (WIN): Kafr Qasim vs Hapoel Kfar Saba PnL: +267.14"
    },
    {
      "time": "2026-01-16 03:39:11",
      "type": "HALF_WIN",
      "amount": 406.63,
      "balance": 7742.32,
      "desc": "结算 (HALF_WIN): Heerenveen vs Waalwijk PnL: +118.24"
    },
    {
      "time": "2026-01-16 03:33:05",
      "type": "BET",
      "amount": -90.6,
      "balance": 7335.69,
      "desc": "下单: 奥格斯堡足球俱乐部 vs 柏林联合 [Home (平手 0) @ 1.82] @ 1.8199999999999998"
    },
    {
      "time": "2026-01-16 03:27:03",
      "type": "WIN",
      "amount": 665.65,
      "balance": 7426.29,
      "desc": "结算 (WIN): RB Bragantino U20 vs Canaã U20 PnL: +311.58"
    },
    {
      "time": "2026-01-16 03:27:03",
      "type": "LOSS",
      "amount": 0.0,
      "balance": 6760.64,
      "desc": "结算 (LOSS): 维罗纳 vs 博洛尼亚 PnL: -336.37"
    },
    {
      "time": "2026-01-16 03:22:59",
      "type": "WIN",
      "amount": 616.73,
      "balance": 6760.64,
      "desc": "结算 (WIN): Beşiktaş vs Keçiörengücü PnL: +297.18"
    },
    {
      "time": "2026-01-16 02:50:24",
      "type": "WIN",
      "amount": 703.0,
      "balance": 6143.91,
      "desc": "结算 (WIN): 中日德兰足球俱乐部 vs 克里夫巴斯 PnL: +323.00"
    },
    {
      "time": "2026-01-16 02:33:58",
      "type": "LOSS",
      "amount": 0.0,
      "balance": 5440.91,
      "desc": "结算 (LOSS): 阿拉伯人体育俱乐部 vs 加拉法 PnL: -356.68"
    },
    {
      "time": "2026-01-16 02:05:22",
      "type": "LOSS",
      "amount": 0.0,
      "balance": 5440.91,
      "desc": "结算 (LOSS): 阿赫利 vs 穆哈拉克 PnL: -392.00"
    },
    {
      "time": "2026-01-16 02:05:16",
      "type": "BET",
      "amount": -286.36,
      "balance": 5440.91,
      "desc": "下单: AL Masry vs Zamalek SC [Away (客受 0.75) @ 2.02] @ 2.02"
    },
    {
      "time": "2026-01-16 02:04:24",
      "type": "BET",
      "amount": -301.44,
      "balance": 5727.27,
      "desc": "下单: 布古巴联 vs USFAS Bamako [Home 0.25 @ 1.85 (Score 0-0)] @ 1.85"
    },
    {
      "time": "2026-01-16 02:04:04",
      "type": "BET",
      "amount": -317.3,
      "balance": 6028.71,
      "desc": "下单: CR Belouizdad vs ASM Oran [Away (客受 1.5) @ 1.93] @ 1.9300000000000002"
    },
    {
      "time": "2026-01-16 02:03:19",
      "type": "PUSH",
      "amount": 338.85,
      "balance": 6346.01,
      "desc": "结算 (PUSH): 非洲足球精英 vs 宾加 PnL: +0.00"
    },
    {
      "time": "2026-01-16 02:03:19",
      "type": "PUSH",
      "amount": 110.59,
      "balance": 6007.16,
      "desc": "结算 (PUSH): 荷兰雄狮 vs 史蒂夫·比科 PnL: +0.00"
    },
    {
      "time": "2026-01-16 02:01:29",
      "type": "BET",
      "amount": -310.35,
      "balance": 5896.57,
      "desc": "下单: Palmeiras U20 vs Flamengo SP U20 [Away (客受 1.75) @ 1.90] @ 1.9"
    },
    {
      "time": "2026-01-16 02:01:28",
      "type": "BET",
      "amount": -326.68,
      "balance": 6206.91,
      "desc": "下单: El Mokawloon vs Ceramica Cleopatra [Home 1.75 @ 1.98 (Score 0-0)] @ 1.98"
    },
    {
      "time": "2026-01-16 02:00:18",
      "type": "BET",
      "amount": -265.86,
      "balance": 6533.59,
      "desc": "下单: Santo André U20 vs Ibrachina U20 [Away (客受 0.75) @ 1.93] @ 1.9300000000000002"
    },
    {
      "time": "2026-01-16 01:59:14",
      "type": "LOSS",
      "amount": 0.0,
      "balance": 6799.45,
      "desc": "结算 (LOSS): 阿斯科 vs 迪亚拉 PnL: -138.62"
    },
    {
      "time": "2026-01-16 01:57:11",
      "type": "HALF_WIN",
      "amount": 392.33,
      "balance": 6799.45,
      "desc": "结算 (HALF_WIN): 都拉斯泰乌塔 vs 地拉那迪纳摩 PnL: +99.55"
    },
    {
      "time": "2026-01-16 01:53:06",
      "type": "HALF_WIN",
      "amount": 455.74,
      "balance": 6407.13,
      "desc": "结算 (HALF_WIN): 巴林SC vs 西特拉 PnL: +141.44"
    },
    {
      "time": "2026-01-16 01:53:06",
      "type": "WIN",
      "amount": 471.96,
      "balance": 5951.39,
      "desc": "结算 (WIN): Shabab Al Ahli Dubai vs Ajman PnL: +209.76"
    },
    {
      "time": "2026-01-16 01:47:02",
      "type": "BET",
      "amount": -288.39,
      "balance": 5479.43,
      "desc": "下单: Heerenveen vs Waalwijk [Away (客受 1.75) @ 1.82] @ 1.8199999999999998"
    },
    {
      "time": "2026-01-16 01:45:51",
      "type": "BET",
      "amount": -303.57,
      "balance": 5767.82,
      "desc": "下单: Kafr Qasim vs Hapoel Kfar Saba [Home 0.25 @ 1.88 (Score 0-0)] @ 1.88"
    },
    {
      "time": "2026-01-16 01:32:17",
      "type": "BET",
      "amount": -319.55,
      "balance": 6071.39,
      "desc": "下单: Beşiktaş vs Keçiörengücü [Away (客受 2.25) @ 1.93] @ 1.9300000000000002"
    },
    {
      "time": "2026-01-16 01:32:16",
      "type": "BET",
      "amount": -336.37,
      "balance": 6390.94,
      "desc": "下单: 维罗纳 vs 博洛尼亚 [Home 0.25 @ 2.02 (Score 0-0)] @ 2.02"
    },
    {
      "time": "2026-01-16 01:31:23",
      "type": "BET",
      "amount": -354.07,
      "balance": 6727.3,
      "desc": "下单: RB Bragantino U20 vs Canaã U20 [Away (客受 2.0) @ 1.88] @ 1.88"
    },
    {
      "time": "2026-01-16 01:07:24",
      "type": "BET",
      "amount": -138.62,
      "balance": 7081.37,
      "desc": "下单: 阿斯科 vs 迪亚拉 [Away (客受 0.25) @ 1.65] @ 1.65"
    },
    {
      "time": "2026-01-16 01:02:35",
      "type": "BET",
      "amount": -380.0,
      "balance": 7220.0,
      "desc": "下单: 中日德兰足球俱乐部 vs 克里夫巴斯 [Away (客受 1.25) @ 1.85] @ 1.85"
    },
    {
      "time": "2026-01-16 01:00:01",
      "type": "HALF_LOSS",
      "amount": 160.96,
      "balance": 7600.0,
      "desc": "结算 (HALF_LOSS): 阿尔阿赫利 vs 杰什 PnL: -160.96"
    },
    {
      "time": "2026-01-16 00:55:59",
      "type": "PUSH",
      "amount": 276.0,
      "balance": 7439.04,
      "desc": "结算 (PUSH): Mostaganem vs JS Saoura PnL: +0.00"
    },
    {
      "time": "2026-01-16 00:55:59",
      "type": "LOSS",
      "amount": 0.0,
      "balance": 7163.04,
      "desc": "结算 (LOSS): 金字塔 vs 石油化工 PnL: -305.81"
    },
    {
      "time": "2026-01-16 00:53:56",
      "type": "PUSH",
      "amount": 290.52,
      "balance": 7163.04,
      "desc": "结算 (PUSH): 博德鲁姆体育 vs Konyaspor PnL: +0.00"
    },
    {
      "time": "2026-01-16 00:45:49",
      "type": "WIN",
      "amount": 787.23,
      "balance": 6872.52,
      "desc": "结算 (WIN): Odense vs Skive PnL: +368.49"
    },
    {
      "time": "2026-01-16 00:45:49",
      "type": "LOSS",
      "amount": 0.0,
      "balance": 6085.29,
      "desc": "结算 (LOSS): 巴赫拉 vs 苏哈尔 PnL: -60.09"
    },
    {
      "time": "2026-01-16 00:45:49",
      "type": "WIN",
      "amount": 1080.83,
      "balance": 6085.29,
      "desc": "结算 (WIN): 奥林匹克卡纳赫 vs 维也纳 PnL: +526.56"
    },
    {
      "time": "2026-01-16 00:45:49",
      "type": "WIN",
      "amount": 133.34,
      "balance": 5004.46,
      "desc": "结算 (WIN): 阿布凯尔塞马德 vs 阿斯尤特石油 PnL: +59.26"
    },
    {
      "time": "2026-01-16 00:44:32",
      "type": "BET",
      "amount": -110.59,
      "balance": 4871.12,
      "desc": "下单: 荷兰雄狮 vs 史蒂夫·比科 [Home 0.0 @ 1.85 (Score 0-0)] @ 1.85"
    },
    {
      "time": "2026-01-16 00:44:15",
      "type": "BET",
      "amount": -262.2,
      "balance": 4981.71,
      "desc": "下单: Shabab Al Ahli Dubai vs Ajman [Home -0.5 @ 1.80 (Score 2-1)] @ 1.8"
    },
    {
      "time": "2026-01-16 00:44:15",
      "type": "BET",
      "amount": -276.0,
      "balance": 5243.91,
      "desc": "下单: Mostaganem vs JS Saoura [Away (平手 0) @ 1.62] @ 1.62"
    },
    {
      "time": "2026-01-16 00:44:15",
      "type": "BET",
      "amount": -290.52,
      "balance": 5519.9,
      "desc": "下单: 博德鲁姆体育 vs Konyaspor [Away (平手 0) @ 1.52] @ 1.52"
    },
    {
      "time": "2026-01-16 00:44:14",
      "type": "BET",
      "amount": -305.81,
      "balance": 5810.43,
      "desc": "下单: 金字塔 vs 石油化工 [Away (客让 0.25) @ 2.08] @ 2.08"
    },
    {
      "time": "2026-01-16 00:44:14",
      "type": "BET",
      "amount": -321.91,
      "balance": 6116.24,
      "desc": "下单: 阿尔阿赫利 vs 杰什 [Away (客受 0.25) @ 1.50] @ 1.5"
    },
    {
      "time": "2026-01-16 00:44:14",
      "type": "BET",
      "amount": -338.85,
      "balance": 6438.14,
      "desc": "下单: 非洲足球精英 vs 宾加 [Away (平手 0) @ 1.98] @ 1.98"
    },
    {
      "time": "2026-01-16 00:44:13",
      "type": "BET",
      "amount": -356.68,
      "balance": 6776.99,
      "desc": "下单: 阿拉伯人体育俱乐部 vs 加拉法 [Away (客受 0.5) @ 1.98] @ 1.98"
    },
    {
      "time": "2026-01-16 00:44:13",
      "type": "BET",
      "amount": -314.3,
      "balance": 7133.68,
      "desc": "下单: 巴林SC vs 西特拉 [Away (客让 0.25) @ 1.90] @ 1.9"
    },
    {
      "time": "2026-01-16 00:44:13",
      "type": "BET",
      "amount": -392.0,
      "balance": 7447.98,
      "desc": "下单: 阿赫利 vs 穆哈拉克 [Home 0.5 @ 2.02 (Score 0-0)] @ 2.02"
    },
    {
      "time": "2026-01-16 00:44:12",
      "type": "BET",
      "amount": -292.78,
      "balance": 7839.98,
      "desc": "下单: 都拉斯泰乌塔 vs 地拉那迪纳摩 [Home 0.25 @ 1.68 (Score 0-0)] @ 1.6800000000000002"
    },
    {
      "time": "2026-01-16 00:43:48",
      "type": "WIN",
      "amount": 622.69,
      "balance": 8132.76,
      "desc": "结算 (WIN): 福塔雷萨 U20 vs Itaquá Athletico Clube U20 PnL: +314.43"
    },
    {
      "time": "2026-01-16 00:43:48",
      "type": "LOSS",
      "amount": 0.0,
      "balance": 7510.08,
      "desc": "结算 (LOSS): AS Soliman vs JS Kairouanaise PnL: -337.85"
    },
    {
      "time": "2026-01-16 00:43:48",
      "type": "LOSS",
      "amount": 0.0,
      "balance": 7510.08,
      "desc": "结算 (LOSS): ES Tunis vs AS Gabes PnL: -397.80"
    },
    {
      "time": "2026-01-16 00:43:48",
      "type": "WIN",
      "amount": 684.0,
      "balance": 7510.08,
      "desc": "结算 (WIN): 霍布罗 vs 奥胡斯 PnL: +333.23"
    },
    {
      "time": "2026-01-16 00:43:48",
      "type": "PUSH",
      "amount": 91.98,
      "balance": 6826.08,
      "desc": "结算 (PUSH): Bahardar vs Mekelle Kenema PnL: +0.00"
    },
    {
      "time": "2026-01-16 00:43:48",
      "type": "LOSS",
      "amount": 0.0,
      "balance": 6734.1,
      "desc": "结算 (LOSS): KCB vs Nairobi United PnL: -133.06"
    },
    {
      "time": "2026-01-16 00:43:48",
      "type": "LOSS",
      "amount": 0.0,
      "balance": 6734.1,
      "desc": "结算 (LOSS): 马萨尔 vs 泰尔萨纳 PnL: -500.23"
    },
    {
      "time": "2026-01-16 00:43:48",
      "type": "WIN",
      "amount": 1016.26,
      "balance": 6734.1,
      "desc": "结算 (WIN): 钢铁俱乐部 vs 拉雅加扎尔 PnL: +489.70"
    },
    {
      "time": "2026-01-16 00:43:48",
      "type": "LOSS",
      "amount": 0.0,
      "balance": 5717.83,
      "desc": "结算 (LOSS): Zanaco vs NAPSA Stars PnL: -79.07"
    },
    {
      "time": "2026-01-16 00:43:48",
      "type": "LOSS",
      "amount": 0.0,
      "balance": 5717.83,
      "desc": "结算 (LOSS): 地拉那游击队 vs 沃拉 PnL: -279.58"
    },
    {
      "time": "2026-01-15 21:11:39",
      "type": "BET",
      "amount": -60.09,
      "balance": 5717.83,
      "desc": "下单: 巴赫拉 vs 苏哈尔 [Home (平手 0) @ 1.82] @ 1.8199999999999998"
    },
    {
      "time": "2026-01-15 21:05:15",
      "type": "BET",
      "amount": -79.07,
      "balance": 5777.93,
      "desc": "下单: Zanaco vs NAPSA Stars [Away (客受 0.5) @ 1.77] @ 1.77"
    },
    {
      "time": "2026-01-15 21:03:28",
      "type": "BET",
      "amount": -308.26,
      "balance": 5856.99,
      "desc": "下单: 福塔雷萨 U20 vs Itaquá Athletico Clube U20 [Home 1.0 @ 2.02 (Score 0-0)] @ 2.02"
    },
    {
      "time": "2026-01-15 21:02:35",
      "type": "BET",
      "amount": -91.98,
      "balance": 6165.26,
      "desc": "下单: Bahardar vs Mekelle Kenema [Home 0.0 @ 1.93 (Score 0-0)] @ 1.9300000000000002"
    },
    {
      "time": "2026-01-15 21:02:34",
      "type": "BET",
      "amount": -74.08,
      "balance": 6257.24,
      "desc": "下单: 阿布凯尔塞马德 vs 阿斯尤特石油 [Away (客受 0.5) @ 1.80] @ 1.8"
    },
    {
      "time": "2026-01-15 21:02:17",
      "type": "BET",
      "amount": -333.23,
      "balance": 6331.32,
      "desc": "下单: Shkendija vs Akademija Pandev [Home -0.5 @ 2.05 (Score 1-0)] @ 2.05"
    },
    {
      "time": "2026-01-15 21:02:17",
      "type": "BET",
      "amount": -350.77,
      "balance": 6664.54,
      "desc": "下单: 霍布罗 vs 奥胡斯 [Away (客让 0.5) @ 1.95] @ 1.95"
    },
    {
      "time": "2026-01-15 21:02:17",
      "type": "BET",
      "amount": -205.06,
      "balance": 7015.31,
      "desc": "下单: Ethiopian Medhin vs Welwalo Adigrat Uni [Home 0.0 @ 2.02 (Score 0-0)] @ 2.02"
    },
    {
      "time": "2026-01-15 21:02:17",
      "type": "BET",
      "amount": -337.85,
      "balance": 7220.37,
      "desc": "下单: AS Soliman vs JS Kairouanaise [Away (客受 0.5) @ 1.98] @ 1.98"
    },
    {
      "time": "2026-01-15 21:02:15",
      "type": "BET",
      "amount": -397.8,
      "balance": 7558.22,
      "desc": "下单: ES Tunis vs AS Gabes [Away (客受 2.75) @ 1.95] @ 1.95"
    },
    {
      "time": "2026-01-15 21:02:14",
      "type": "BET",
      "amount": -418.74,
      "balance": 7956.02,
      "desc": "下单: Odense vs Skive [Away (客受 2.5) @ 1.88] @ 1.88"
    },
    {
      "time": "2026-01-15 21:02:14",
      "type": "BET",
      "amount": -440.78,
      "balance": 8374.76,
      "desc": "下单: 中日德兰足球俱乐部 vs 费伦茨瓦罗斯 [Home 0.25 @ 1.95 (Score 0-0)] @ 1.95"
    },
    {
      "time": "2026-01-15 21:02:13",
      "type": "BET",
      "amount": -87.25,
      "balance": 8815.53,
      "desc": "下单: 巴特纳竞技俱乐部 vs 帕拉杜AC [Home (平手 0) @ 1.95] @ 1.95"
    },
    {
      "time": "2026-01-15 21:02:11",
      "type": "BET",
      "amount": -468.57,
      "balance": 8902.78,
      "desc": "下单: 埃于普体育 vs 76伊迪尔市体育 [Away (平手 0) @ 2.02] @ 2.02"
    },
    {
      "time": "2026-01-15 21:02:11",
      "type": "BET",
      "amount": -133.06,
      "balance": 9371.35,
      "desc": "下单: KCB vs Nairobi United [Away (客受 0.5) @ 1.73] @ 1.73"
    },
    {
      "time": "2026-01-15 21:02:09",
      "type": "BET",
      "amount": -500.23,
      "balance": 9504.41,
      "desc": "下单: 马萨尔 vs 泰尔萨纳 [Away (客受 0.75) @ 1.80] @ 1.8"
    },
    {
      "time": "2026-01-15 21:02:09",
      "type": "BET",
      "amount": -526.56,
      "balance": 10004.64,
      "desc": "下单: 钢铁俱乐部 vs 拉雅加扎尔 [Away (客受 0.25) @ 1.93] @ 1.9300000000000002"
    },
    {
      "time": "2026-01-15 21:02:07",
      "type": "BET",
      "amount": -554.27,
      "balance": 10531.2,
      "desc": "下单: 奥林匹克卡纳赫 vs 维也纳 [Home -0.25 @ 1.95 (Score 1-0)] @ 1.95"
    },
    {
      "time": "2026-01-15 21:02:00",
      "type": "BET",
      "amount": -279.58,
      "balance": 11085.48,
      "desc": "下单: 地拉那游击队 vs 沃拉 [Home 0.0 @ 2.08 (Score 0-0)] @ 2.08"
    },
    {
      "time": "2026-01-15 21:00:37",
      "type": "WIN",
      "amount": 514.73,
      "balance": 11365.06,
      "desc": "结算 (WIN): 赫鲁迪姆 vs 赫拉德茨克拉洛韦二队 PnL: +236.50"
    },
    {
      "time": "2026-01-15 21:00:37",
      "type": "WIN",
      "amount": 948.49,
      "balance": 10850.33,
      "desc": "结算 (WIN): Erzurum BB vs Rizespor PnL: +427.34"
    },
    {
      "time": "2026-01-15 18:02:23",
      "type": "BET",
      "amount": -521.15,
      "balance": 9901.84,
      "desc": "下单: Erzurum BB vs Rizespor [Home 0.75 @ 1.82] @ 1.8199999999999998"
    },
    {
      "time": "2026-01-15 17:51:41",
      "type": "BET",
      "amount": -278.23,
      "balance": 10422.99,
      "desc": "下单: 赫鲁迪姆 vs 赫拉德茨克拉洛韦二队 [Home -1.0 @ 1.85] @ 1.85"
    },
    {
      "time": "2026-01-15 13:44:59",
      "type": "LOSS",
      "amount": 0.0,
      "balance": 10701.22,
      "desc": "结算 (LOSS): Al Minaa Basra vs Al Karkh PnL: -202.87"
    },
    {
      "time": "2026-01-15 13:44:59",
      "type": "WIN",
      "amount": 865.58,
      "balance": 10701.22,
      "desc": "结算 (WIN): Vizela U23 vs Gil Vicente U23 PnL: +410.01"
    },
    {
      "time": "2026-01-15 13:44:59",
      "type": "LOSS",
      "amount": 0.0,
      "balance": 9835.64,
      "desc": "结算 (LOSS): İstanbulspor vs Trabzonspor PnL: -424.37"
    },
    {
      "time": "2026-01-15 13:44:58",
      "type": "LOSS",
      "amount": 0.0,
      "balance": 9835.64,
      "desc": "结算 (LOSS): Al Najaf vs Naft Maysan PnL: -432.79"
    },
    {
      "time": "2026-01-15 13:44:58",
      "type": "WIN",
      "amount": 830.05,
      "balance": 9835.64,
      "desc": "结算 (WIN): 塔尔卡el_ salvador. kgm U21 vs 桑托斯拉古纳 U21 PnL: +399.97"
    },
    {
      "time": "2026-01-15 13:44:58",
      "type": "LOSS",
      "amount": 0.0,
      "balance": 9005.58,
      "desc": "结算 (LOSS): União Leiria U23 vs 埃斯特雷拉 U23 PnL: -169.32"
    },
    {
      "time": "2026-01-15 13:44:58",
      "type": "WIN",
      "amount": 760.63,
      "balance": 9005.58,
      "desc": "结算 (WIN): 流星来啦 vs Enyimba PnL: +349.48"
    },
    {
      "time": "2026-01-15 13:44:58",
      "type": "WIN",
      "amount": 713.5,
      "balance": 8244.95,
      "desc": "结算 (WIN): Al Qadisiyah vs Al-Fayha PnL: +317.11"
    },
    {
      "time": "2026-01-14 23:49:44",
      "type": "BET",
      "amount": -396.39,
      "balance": 7531.45,
      "desc": "下单: Al Qadisiyah vs Al-Fayha [Home 0.5 @ 1.80] @ 1.8"
    },
    {
      "time": "2026-01-14 23:27:45",
      "type": "PUSH",
      "amount": 115.93,
      "balance": 7927.84,
      "desc": "结算 (PUSH): Renate vs Latina PnL: +0.00"
    },
    {
      "time": "2026-01-14 23:23:44",
      "type": "BET",
      "amount": -411.15,
      "balance": 7811.91,
      "desc": "下单: 流星来啦 vs Enyimba [Home -0.5 @ 1.85] @ 1.85"
    },
    {
      "time": "2026-01-14 23:15:08",
      "type": "LOSS",
      "amount": 0.0,
      "balance": 8223.07,
      "desc": "结算 (LOSS): NK Lokomotiva Zagreb vs Velež PnL: -144.85"
    },
    {
      "time": "2026-01-14 23:08:09",
      "type": "BET",
      "amount": -432.79,
      "balance": 8223.07,
      "desc": "下单: Al Najaf vs Naft Maysan [Home 0.75 @ 2.02] @ 2.02"
    },
    {
      "time": "2026-01-14 23:08:09",
      "type": "BET",
      "amount": -455.57,
      "balance": 8655.86,
      "desc": "下单: Vizela U23 vs Gil Vicente U23 [Home -0.25 @ 1.90] @ 1.9"
    },
    {
      "time": "2026-01-14 23:06:55",
      "type": "WIN",
      "amount": 940.0,
      "balance": 9111.43,
      "desc": "结算 (WIN): Power Dynamos vs Green Eagles PnL: +440.00"
    },
    {
      "time": "2026-01-14 23:05:23",
      "type": "BET",
      "amount": -430.08,
      "balance": 8171.43,
      "desc": "下单: 塔尔卡el_ salvador. kgm U21 vs 桑托斯拉古纳 U21 [Home -0.25 @ 1.93] @ 1.9300000000000002"
    },
    {
      "time": "2026-01-14 23:02:50",
      "type": "WIN",
      "amount": 707.78,
      "balance": 8601.51,
      "desc": "结算 (WIN): GOR Mahia vs Murang 'a印章 PnL: +386.06"
    },
    {
      "time": "2026-01-14 23:01:15",
      "type": "BET",
      "amount": -169.32,
      "balance": 7893.72,
      "desc": "下单: União Leiria U23 vs 埃斯特雷拉 U23 [Home 0.0 @ 1.93] @ 1.9300000000000002"
    },
    {
      "time": "2026-01-14 23:00:57",
      "type": "BET",
      "amount": -424.37,
      "balance": 8063.05,
      "desc": "下单: İstanbulspor vs Trabzonspor [Home 2.0 @ 1.95] @ 1.95"
    },
    {
      "time": "2026-01-14 23:00:50",
      "type": "WIN",
      "amount": 659.49,
      "balance": 8487.42,
      "desc": "结算 (WIN): Melaka vs Pdrm PnL: +303.01"
    },
    {
      "time": "2026-01-14 22:56:44",
      "type": "WIN",
      "amount": 609.59,
      "balance": 7827.93,
      "desc": "结算 (WIN): Selangor vs Negeri Sembilan PnL: +270.93"
    },
    {
      "time": "2026-01-14 22:54:34",
      "type": "WIN",
      "amount": 769.75,
      "balance": 7218.34,
      "desc": "结算 (WIN): Neuchatel Xamax vs Servette二队 PnL: +360.31"
    },
    {
      "time": "2026-01-14 22:52:13",
      "type": "BET",
      "amount": -202.87,
      "balance": 6448.6,
      "desc": "下单: Al Minaa Basra vs Al Karkh [Home 0.0 @ 1.80] @ 1.8"
    },
    {
      "time": "2026-01-14 22:48:19",
      "type": "HALF_WIN",
      "amount": 538.72,
      "balance": 6651.47,
      "desc": "结算 (HALF_WIN): Puszcza Niepołomice vs Hutnik Kraków PnL: +149.75"
    },
    {
      "time": "2026-01-14 22:48:09",
      "type": "BET",
      "amount": -321.72,
      "balance": 6112.74,
      "desc": "下单: GOR Mahia vs Murang 'a印章 [Home -0.25 @ 2.20] @ 2.2"
    },
    {
      "time": "2026-01-14 22:20:45",
      "type": "BET",
      "amount": -338.66,
      "balance": 6434.47,
      "desc": "下单: Selangor vs Negeri Sembilan [Home -0.5 @ 1.80] @ 1.8"
    },
    {
      "time": "2026-01-14 22:18:38",
      "type": "BET",
      "amount": -356.48,
      "balance": 6773.12,
      "desc": "下单: Melaka vs Pdrm [Home -0.75 @ 1.85] @ 1.85"
    },
    {
      "time": "2026-01-14 22:13:15",
      "type": "BET",
      "amount": -115.93,
      "balance": 7129.6,
      "desc": "下单: Renate vs Latina [Home 0.0 @ 1.88] @ 1.88"
    },
    {
      "time": "2026-01-14 21:53:03",
      "type": "BET",
      "amount": -144.85,
      "balance": 7245.53,
      "desc": "下单: NK Lokomotiva Zagreb vs Velež [Home 0.0 @ 1.82] @ 1.8199999999999998"
    },
    {
      "time": "2026-01-14 21:50:56",
      "type": "BET",
      "amount": -388.97,
      "balance": 7390.38,
      "desc": "下单: Puszcza Niepołomice vs Hutnik Kraków [Home 0.25 @ 1.77] @ 1.77"
    },
    {
      "time": "2026-01-14 21:50:56",
      "type": "BET",
      "amount": -409.44,
      "balance": 7779.35,
      "desc": "下单: Neuchatel Xamax vs Servette二队 [Home -0.5 @ 1.88] @ 1.88"
    },
    {
      "time": "2026-01-14 21:50:41",
      "type": "BET",
      "amount": -430.99,
      "balance": 8188.79,
      "desc": "下单: Gharraf vs Naft [Home 0.0 @ 2.00] @ 2.0"
    },
    {
      "time": "2026-01-14 21:50:35",
      "type": "BET",
      "amount": -453.67,
      "balance": 8619.78,
      "desc": "下单: Bylis vs Tirana [Home 0.75 @ 1.90] @ 1.9"
    },
    {
      "time": "2026-01-14 21:50:32",
      "type": "BET",
      "amount": -426.55,
      "balance": 9073.45,
      "desc": "下单: Johor Darul Takzim vs Kuching FA [Home -0.25 @ 1.70] @ 1.7"
    },
    {
      "time": "2026-01-14 21:50:21",
      "type": "BET",
      "amount": -500.0,
      "balance": 9500.0,
      "desc": "下单: Power Dynamos vs Green Eagles [Home -0.5 @ 1.88] @ 1.88"
    },
    {
      "time": "2026-01-14 15:38:44",
      "type": "INIT",
      "amount": 10000.0,
      "balance": 10000.0,
      "desc": "账户初始化"
    }
  ]
}