{
  "bankroll": 9901.838327439835,
  "active_orders": [
    {
      "order_id": "ORD_1404196_1768398632",
      "match_id": 1404196,
      "event": "Johor Darul Takzim vs Kuching FA",
      "selection": {
        "type": "AH",
        "line": -0.25,
        "desc": "Home -0.25 @ 1.70"
      },
      "odds": 1.7,
      "stake": 426.55,
      "reason": "Kelly Signal > 0",
      "timestamp": 1768398632.5265305,
      "status": "OPEN"
    },
    {
      "order_id": "ORD_1415495_1768398635",
      "match_id": 1415495,
      "event": "Bylis vs Tirana",
      "selection": {
        "type": "AH",
        "line": 0.75,
        "desc": "Home 0.75 @ 1.90"
      },
      "odds": 1.9,
      "stake": 453.67,
      "reason": "Kelly Signal > 0",
      "timestamp": 1768398635.2351325,
      "status": "OPEN"
    },
    {
      "order_id": "ORD_1502490_1768398641",
      "match_id": 1502490,
      "event": "Gharraf vs Naft",
      "selection": {
        "type": "AH",
        "line": 0.0,
        "desc": "Home 0.0 @ 2.00"
      },
      "odds": 2.0,
      "stake": 430.99,
      "reason": "Kelly Signal > 0",
      "timestamp": 1768398641.3185284,
      "status": "OPEN"
    },
    {
      "order_id": "ORD_1502428_1768470701",
      "match_id": 1502428,
      "event": "赫鲁迪姆 vs 赫拉德茨克拉洛韦二队",
      "selection": {
        "type": "AH",
        "line": -1.0,
        "desc": "Home -1.0 @ 1.85"
      },
      "odds": 1.85,
      "stake": 278.23,
      "reason": "Kelly Signal > 0",
      "timestamp": 1768470701.4049773,
      "status": "OPEN"
    },
    {
      "order_id": "ORD_1489328_1768471343",
      "match_id": 1489328,
      "event": "Erzurum BB vs Rizespor",
      "selection": {
        "type": "AH",
        "line": 0.75,
        "desc": "Home 0.75 @ 1.82"
      },
      "odds": 1.8199999999999998,
      "stake": 521.15,
      "reason": "Kelly Signal > 0",
      "timestamp": 1768471343.6446102,
      "status": "OPEN"
    }
  ],
  "ledger": [
    {
      "time": "2026-01-15 18:02:23",
      "type": "BET",
      "amount": -521.15,
      "balance": 9901.84,
      "desc": "下单: Erzurum BB vs Rizespor [Home 0.75 @ 1.82] @ 1.8199999999999998"
    },
    {
      "time": "2026-01-15 17:51:41",
      "type": "BET",
      "amount": -278.23,
      "balance": 10422.99,
      "desc": "下单: 赫鲁迪姆 vs 赫拉德茨克拉洛韦二队 [Home -1.0 @ 1.85] @ 1.85"
    },
    {
      "time": "2026-01-15 13:44:59",
      "type": "LOSS",
      "amount": 0.0,
      "balance": 10701.22,
      "desc": "结算 (LOSS): Al Minaa Basra vs Al Karkh PnL: -202.87"
    },
    {
      "time": "2026-01-15 13:44:59",
      "type": "WIN",
      "amount": 865.58,
      "balance": 10701.22,
      "desc": "结算 (WIN): Vizela U23 vs Gil Vicente U23 PnL: +410.01"
    },
    {
      "time": "2026-01-15 13:44:59",
      "type": "LOSS",
      "amount": 0.0,
      "balance": 9835.64,
      "desc": "结算 (LOSS): İstanbulspor vs Trabzonspor PnL: -424.37"
    },
    {
      "time": "2026-01-15 13:44:58",
      "type": "LOSS",
      "amount": 0.0,
      "balance": 9835.64,
      "desc": "结算 (LOSS): Al Najaf vs Naft Maysan PnL: -432.79"
    },
    {
      "time": "2026-01-15 13:44:58",
      "type": "WIN",
      "amount": 830.05,
      "balance": 9835.64,
      "desc": "结算 (WIN): 塔尔卡el_ salvador. kgm U21 vs 桑托斯拉古纳 U21 PnL: +399.97"
    },
    {
      "time": "2026-01-15 13:44:58",
      "type": "LOSS",
      "amount": 0.0,
      "balance": 9005.58,
      "desc": "结算 (LOSS): União Leiria U23 vs 埃斯特雷拉 U23 PnL: -169.32"
    },
    {
      "time": "2026-01-15 13:44:58",
      "type": "WIN",
      "amount": 760.63,
      "balance": 9005.58,
      "desc": "结算 (WIN): 流星来啦 vs Enyimba PnL: +349.48"
    },
    {
      "time": "2026-01-15 13:44:58",
      "type": "WIN",
      "amount": 713.5,
      "balance": 8244.95,
      "desc": "结算 (WIN): Al Qadisiyah vs Al-Fayha PnL: +317.11"
    },
    {
      "time": "2026-01-14 23:49:44",
      "type": "BET",
      "amount": -396.39,
      "balance": 7531.45,
      "desc": "下单: Al Qadisiyah vs Al-Fayha [Home 0.5 @ 1.80] @ 1.8"
    },
    {
      "time": "2026-01-14 23:27:45",
      "type": "PUSH",
      "amount": 115.93,
      "balance": 7927.84,
      "desc": "结算 (PUSH): Renate vs Latina PnL: +0.00"
    },
    {
      "time": "2026-01-14 23:23:44",
      "type": "BET",
      "amount": -411.15,
      "balance": 7811.91,
      "desc": "下单: 流星来啦 vs Enyimba [Home -0.5 @ 1.85] @ 1.85"
    },
    {
      "time": "2026-01-14 23:15:08",
      "type": "LOSS",
      "amount": 0.0,
      "balance": 8223.07,
      "desc": "结算 (LOSS): NK Lokomotiva Zagreb vs Velež PnL: -144.85"
    },
    {
      "time": "2026-01-14 23:08:09",
      "type": "BET",
      "amount": -432.79,
      "balance": 8223.07,
      "desc": "下单: Al Najaf vs Naft Maysan [Home 0.75 @ 2.02] @ 2.02"
    },
    {
      "time": "2026-01-14 23:08:09",
      "type": "BET",
      "amount": -455.57,
      "balance": 8655.86,
      "desc": "下单: Vizela U23 vs Gil Vicente U23 [Home -0.25 @ 1.90] @ 1.9"
    },
    {
      "time": "2026-01-14 23:06:55",
      "type": "WIN",
      "amount": 940.0,
      "balance": 9111.43,
      "desc": "结算 (WIN): Power Dynamos vs Green Eagles PnL: +440.00"
    },
    {
      "time": "2026-01-14 23:05:23",
      "type": "BET",
      "amount": -430.08,
      "balance": 8171.43,
      "desc": "下单: 塔尔卡el_ salvador. kgm U21 vs 桑托斯拉古纳 U21 [Home -0.25 @ 1.93] @ 1.9300000000000002"
    },
    {
      "time": "2026-01-14 23:02:50",
      "type": "WIN",
      "amount": 707.78,
      "balance": 8601.51,
      "desc": "结算 (WIN): GOR Mahia vs Murang 'a印章 PnL: +386.06"
    },
    {
      "time": "2026-01-14 23:01:15",
      "type": "BET",
      "amount": -169.32,
      "balance": 7893.72,
      "desc": "下单: União Leiria U23 vs 埃斯特雷拉 U23 [Home 0.0 @ 1.93] @ 1.9300000000000002"
    },
    {
      "time": "2026-01-14 23:00:57",
      "type": "BET",
      "amount": -424.37,
      "balance": 8063.05,
      "desc": "下单: İstanbulspor vs Trabzonspor [Home 2.0 @ 1.95] @ 1.95"
    },
    {
      "time": "2026-01-14 23:00:50",
      "type": "WIN",
      "amount": 659.49,
      "balance": 8487.42,
      "desc": "结算 (WIN): Melaka vs Pdrm PnL: +303.01"
    },
    {
      "time": "2026-01-14 22:56:44",
      "type": "WIN",
      "amount": 609.59,
      "balance": 7827.93,
      "desc": "结算 (WIN): Selangor vs Negeri Sembilan PnL: +270.93"
    },
    {
      "time": "2026-01-14 22:54:34",
      "type": "WIN",
      "amount": 769.75,
      "balance": 7218.34,
      "desc": "结算 (WIN): Neuchatel Xamax vs Servette二队 PnL: +360.31"
    },
    {
      "time": "2026-01-14 22:52:13",
      "type": "BET",
      "amount": -202.87,
      "balance": 6448.6,
      "desc": "下单: Al Minaa Basra vs Al Karkh [Home 0.0 @ 1.80] @ 1.8"
    },
    {
      "time": "2026-01-14 22:48:19",
      "type": "HALF_WIN",
      "amount": 538.72,
      "balance": 6651.47,
      "desc": "结算 (HALF_WIN): Puszcza Niepołomice vs Hutnik Kraków PnL: +149.75"
    },
    {
      "time": "2026-01-14 22:48:09",
      "type": "BET",
      "amount": -321.72,
      "balance": 6112.74,
      "desc": "下单: GOR Mahia vs Murang 'a印章 [Home -0.25 @ 2.20] @ 2.2"
    },
    {
      "time": "2026-01-14 22:20:45",
      "type": "BET",
      "amount": -338.66,
      "balance": 6434.47,
      "desc": "下单: Selangor vs Negeri Sembilan [Home -0.5 @ 1.80] @ 1.8"
    },
    {
      "time": "2026-01-14 22:18:38",
      "type": "BET",
      "amount": -356.48,
      "balance": 6773.12,
      "desc": "下单: Melaka vs Pdrm [Home -0.75 @ 1.85] @ 1.85"
    },
    {
      "time": "2026-01-14 22:13:15",
      "type": "BET",
      "amount": -115.93,
      "balance": 7129.6,
      "desc": "下单: Renate vs Latina [Home 0.0 @ 1.88] @ 1.88"
    },
    {
      "time": "2026-01-14 21:53:03",
      "type": "BET",
      "amount": -144.85,
      "balance": 7245.53,
      "desc": "下单: NK Lokomotiva Zagreb vs Velež [Home 0.0 @ 1.82] @ 1.8199999999999998"
    },
    {
      "time": "2026-01-14 21:50:56",
      "type": "BET",
      "amount": -388.97,
      "balance": 7390.38,
      "desc": "下单: Puszcza Niepołomice vs Hutnik Kraków [Home 0.25 @ 1.77] @ 1.77"
    },
    {
      "time": "2026-01-14 21:50:56",
      "type": "BET",
      "amount": -409.44,
      "balance": 7779.35,
      "desc": "下单: Neuchatel Xamax vs Servette二队 [Home -0.5 @ 1.88] @ 1.88"
    },
    {
      "time": "2026-01-14 21:50:41",
      "type": "BET",
      "amount": -430.99,
      "balance": 8188.79,
      "desc": "下单: Gharraf vs Naft [Home 0.0 @ 2.00] @ 2.0"
    },
    {
      "time": "2026-01-14 21:50:35",
      "type": "BET",
      "amount": -453.67,
      "balance": 8619.78,
      "desc": "下单: Bylis vs Tirana [Home 0.75 @ 1.90] @ 1.9"
    },
    {
      "time": "2026-01-14 21:50:32",
      "type": "BET",
      "amount": -426.55,
      "balance": 9073.45,
      "desc": "下单: Johor Darul Takzim vs Kuching FA [Home -0.25 @ 1.70] @ 1.7"
    },
    {
      "time": "2026-01-14 21:50:21",
      "type": "BET",
      "amount": -500.0,
      "balance": 9500.0,
      "desc": "下单: Power Dynamos vs Green Eagles [Home -0.5 @ 1.88] @ 1.88"
    },
    {
      "time": "2026-01-14 15:38:44",
      "type": "INIT",
      "amount": 10000.0,
      "balance": 10000.0,
      "desc": "账户初始化"
    }
  ]
}