home_goals,away_goals,minute,home_shots_on_target,away_shots_on_target,red_cards,result
0,0,52,2,5,0,0
0,0,2,1,0,3,1
0,1,58,0,7,0,2
0,0,42,3,3,2,1
2,1,73,7,6,0,0
0,0,8,0,2,0,2
0,0,54,1,3,0,2
5,0,85,13,5,0,0
0,0,41,2,2,0,0
2,3,63,7,8,0,2
0,0,41,2,3,0,2
1,2,47,5,6,0,2
0,0,9,2,0,0,1
1,1,52,8,6,0,1
2,1,42,5,5,0,0
0,0,30,5,2,0,0
2,0,27,5,2,0,0
0,0,9,4,0,0,0
2,0,52,4,5,0,0
1,0,56,5,5,0,0
0,0,1,0,0,0,2
0,0,32,1,3,0,1
0,0,16,1,0,0,0
2,0,59,7,3,0,0
1,0,33,4,0,0,0
1,2,57,4,6,0,2
2,0,60,6,7,0,0
1,0,19,2,2,0,0
2,5,75,9,11,1,2
0,0,18,2,0,0,0
0,0,21,0,1,0,0
0,0,48,4,3,1,1
0,1,21,1,7,0,2
0,3,19,2,4,0,2
0,2,46,5,4,0,2
0,0,53,6,5,0,0
3,1,67,7,4,0,0
0,0,24,3,0,0,1
0,0,9,0,0,0,2
2,4,50,6,12,0,2
0,0,16,1,0,0,2
0,0,22,1,1,0,0
0,0,8,0,2,0,1
0,1,55,4,5,0,2
1,0,90,8,7,0,0
2,0,48,8,5,0,0
4,0,67,11,5,0,0
2,0,69,4,6,0,0
0,0,90,7,2,0,1
0,0,10,1,2,0,2
0,0,12,3,4,1,1
0,0,33,1,4,0,1
0,4,90,8,10,0,2
2,0,68,5,4,0,0
2,2,36,6,4,0,1
0,1,24,2,4,0,2
1,0,30,3,4,0,0
2,1,49,4,6,0,0
0,0,16,0,0,0,2
4,3,57,7,9,0,0
0,0,17,2,0,0,0
1,0,37,4,0,0,0
0,0,17,0,4,0,2
1,0,39,7,0,0,0
0,2,20,1,4,0,2
2,0,25,4,1,1,0
3,2,61,7,5,0,0
0,0,19,1,1,0,1
0,0,3,0,2,0,1
0,0,50,2,3,0,0
0,1,84,5,9,1,2
2,5,69,4,10,0,2
2,1,33,3,6,0,0
2,2,89,8,11,0,2
0,1,3,0,3,0,2
0,0,17,2,0,0,0
1,1,65,8,9,0,1
0,0,12,1,0,0,1
0,1,75,6,6,0,2
0,0,30,1,3,0,1
2,2,81,9,8,2,0
1,0,77,8,4,0,0
0,3,80,5,8,0,2
0,0,32,2,2,0,0
0,0,34,1,2,0,1
1,1,56,5,5,0,1
2,1,90,6,9,0,0
0,0,7,3,2,0,1
0,0,15,2,0,0,0
0,0,25,2,4,0,1
0,0,8,3,4,0,1
0,0,70,8,4,0,0
3,0,75,7,9,1,0
1,1,51,6,6,0,2
0,0,12,2,1,0,1
0,0,3,0,0,0,0
1,2,73,6,8,0,2
1,2,49,7,5,3,2
1,0,34,4,4,0,0
0,0,14,4,2,0,1
3,3,89,8,10,0,2
0,0,15,0,0,0,1
0,3,53,5,6,0,2
2,2,72,5,8,0,2
1,1,33,5,3,0,1
0,0,31,1,0,0,1
4,1,45,10,6,0,0
2,0,69,9,4,0,0
2,0,90,7,9,0,0
3,1,76,12,10,0,0
5,2,78,9,5,0,0
0,0,57,5,3,0,2
1,1,74,5,4,0,0
0,0,43,2,5,0,2
0,0,22,0,0,0,1
1,5,86,9,13,0,2
2,1,83,8,7,0,0
0,0,19,0,4,0,2
0,1,63,5,4,0,2
0,2,83,6,11,0,2
0,0,8,2,0,0,1
0,0,8,1,0,0,2
0,1,68,3,4,0,2
2,5,85,5,12,0,2
0,0,2,0,0,0,1
1,0,53,3,5,0,0
0,0,59,5,6,0,1
0,1,25,1,1,0,2
3,4,87,10,9,0,2
2,0,34,7,4,0,0
2,0,85,6,6,0,0
0,0,53,1,2,0,1
0,1,26,2,4,1,2
1,0,55,5,6,0,0
0,1,20,2,2,0,2
0,2,73,6,6,0,2
0,0,43,4,2,0,1
0,0,12,0,0,0,1
3,4,88,8,10,0,2
1,4,72,9,7,1,2
1,0,47,1,4,0,0
0,1,7,0,1,1,2
2,4,82,7,10,0,2
0,2,60,0,8,0,2
2,3,87,8,8,0,2
3,0,82,7,2,0,0
1,3,34,4,4,0,2
0,3,62,6,11,0,2
0,1,84,7,6,0,2
1,4,68,8,8,0,2
0,2,15,4,4,0,2
1,1,43,2,4,0,2
2,2,71,7,8,0,0
0,0,3,0,1,0,1
1,0,20,4,0,0,0
2,0,32,7,1,0,0
0,0,11,0,2,0,1
0,0,59,8,3,0,0
0,0,37,5,1,0,1
1,2,56,4,6,0,2
5,3,80,12,9,0,0
4,4,89,9,7,0,1
0,0,42,3,2,0,0
0,0,13,3,1,0,0
0,0,35,2,2,0,2
0,0,22,1,2,0,0
0,0,10,0,0,0,1
3,2,52,9,8,0,0
0,0,29,2,3,0,2
2,2,84,5,10,0,2
0,0,6,1,0,0,1
0,2,34,0,6,0,2
0,0,72,6,6,0,2
0,0,44,4,6,0,1
0,0,9,0,0,0,2
0,3,11,2,5,0,2
0,0,11,0,2,0,1
2,1,88,8,8,0,0
0,0,40,2,4,0,2
0,1,46,4,6,1,2
3,3,61,7,9,0,0
0,1,7,2,4,0,2
0,0,41,3,1,0,0
0,1,45,3,5,0,2
0,0,18,0,0,0,1
0,0,28,4,0,0,1
0,1,31,0,5,0,2
0,2,20,1,8,0,2
2,5,66,7,9,0,2
0,0,12,2,0,0,2
1,3,87,5,11,0,2
1,0,41,5,3,0,0
0,0,2,0,0,0,0
2,1,65,5,5,0,0
1,0,67,7,2,0,0
0,0,5,0,1,0,0
1,0,37,4,0,0,0
1,0,56,7,6,0,0
0,0,2,0,0,0,0
0,0,59,7,6,2,2
0,1,43,4,5,0,2
0,0,38,6,1,1,0
0,0,5,0,0,0,2
1,1,47,3,4,0,1
0,0,69,4,3,0,1
3,3,89,9,9,0,1
0,1,70,5,8,0,2
1,1,85,7,6,0,1
0,0,49,0,8,0,2
0,0,9,0,2,0,0
0,0,26,0,2,0,2
2,0,43,4,3,1,0
3,1,86,9,7,0,0
0,0,29,2,3,0,0
0,0,4,0,3,0,1
1,0,42,5,2,0,0
1,1,47,4,4,0,0
0,0,10,0,0,0,0
2,2,68,9,8,0,1
0,2,55,3,6,0,2
1,0,81,7,6,0,0
3,2,73,10,3,0,0
1,5,85,7,12,0,2
0,0,24,3,5,0,1
1,1,68,5,9,0,1
1,3,72,8,11,0,2
3,1,87,5,6,0,0
0,0,22,3,2,0,1
0,0,16,1,1,1,0
3,2,84,8,9,0,0
3,2,82,9,8,0,0
0,0,14,0,0,0,0
0,1,65,4,4,0,2
0,0,35,0,4,0,2
0,1,49,5,4,0,2
0,0,6,0,0,0,2
0,5,82,7,10,0,2
1,0,14,2,0,0,0
0,0,13,3,0,0,1
1,3,60,5,6,0,2
1,0,60,6,5,0,0
1,0,34,2,3,0,0
0,2,73,4,6,0,2
0,0,7,0,1,3,0
2,2,52,7,7,0,1
0,0,7,0,6,0,2
0,0,21,0,1,0,0
1,2,85,8,7,0,2
1,2,55,4,6,0,2
2,1,29,5,2,0,0
0,0,9,0,0,1,2
0,0,34,1,1,0,2
2,1,69,7,10,0,0
0,0,43,6,5,0,2
0,0,52,0,6,0,1
0,0,8,2,0,0,1
1,1,78,7,9,0,0
1,0,13,4,2,0,0
0,0,15,1,0,0,0
0,0,30,4,3,3,1
1,0,39,5,2,0,0
0,0,7,2,0,0,1
1,1,52,5,4,0,0
0,1,61,7,8,0,2
0,0,25,1,3,0,2
2,2,89,7,12,0,2
0,0,36,0,1,0,2
0,0,24,0,1,0,0
1,1,74,4,9,0,1
0,2,80,7,9,0,2
0,0,19,0,3,0,1
3,2,76,8,9,0,0
0,0,55,3,7,0,1
1,0,33,5,7,0,0
2,1,78,5,9,0,0
0,0,10,2,1,0,1
2,1,69,6,7,0,0
2,3,70,6,7,0,2
2,1,70,6,5,0,0
0,0,24,2,1,0,2
0,3,89,7,7,0,2
0,1,68,6,8,0,2
3,0,75,6,7,0,0
0,0,14,2,2,0,2
0,0,12,0,0,0,2
0,0,33,1,1,0,2
0,0,17,0,2,0,0
1,0,74,5,2,0,0
1,1,40,1,3,0,1
0,0,21,1,0,0,2
0,0,14,0,0,2,2
0,0,63,4,6,0,2
1,0,50,7,4,0,0
0,1,41,2,7,0,2
4,2,82,10,9,0,0
0,0,3,0,5,0,2
1,0,48,4,2,0,0
0,2,12,0,3,0,2
0,3,21,0,4,1,2
3,5,59,8,11,0,2
0,0,5,1,0,0,0
2,2,86,10,7,0,0
4,1,85,10,8,0,0
0,1,23,0,4,0,2
0,0,15,0,2,0,2
0,0,1,1,0,0,0
0,0,38,2,3,0,2
3,0,77,8,8,0,0
1,1,46,6,6,1,0
0,4,84,8,7,0,2
5,3,83,9,9,0,0
0,0,19,2,5,0,2
0,3,59,5,7,0,2
5,0,86,11,8,0,0
1,1,64,6,7,0,1
2,3,73,7,8,0,2
1,0,45,3,4,0,0
0,0,19,1,3,0,2
2,0,28,4,4,0,0
0,0,55,4,7,0,2
1,1,83,7,4,0,0
0,0,46,1,3,0,1
0,1,54,5,6,0,2
0,2,51,5,7,0,2
0,0,11,0,0,0,2
0,0,12,0,0,0,2
2,0,69,7,5,0,0
0,0,36,1,2,0,2
1,2,63,4,8,0,2
3,1,51,7,5,0,0
1,0,2,1,2,0,0
0,0,12,1,0,0,0
1,0,49,4,1,0,0
0,0,18,0,1,0,1
2,0,67,7,3,0,0
0,1,33,1,6,0,2
1,1,65,12,4,0,0
0,0,11,3,0,0,0
0,0,69,5,4,0,1
0,0,51,1,4,1,1
1,1,73,6,7,0,0
0,2,49,2,5,0,2
0,1,32,1,4,0,2
0,0,11,0,2,0,1
0,1,51,3,6,0,2
0,0,19,3,1,0,0
2,2,64,9,9,0,0
4,0,56,8,6,0,0
0,0,48,4,5,0,1
1,2,62,5,8,0,2
0,2,51,4,7,0,2
1,0,7,3,0,0,0
2,0,38,5,5,0,0
0,0,10,0,0,0,0
2,0,57,7,5,0,0
0,0,8,0,2,0,1
0,0,23,0,2,0,0
0,1,60,4,9,0,2
2,2,66,7,6,0,0
0,0,13,0,2,0,1
0,0,53,4,5,0,1
0,0,25,0,2,0,0
0,0,28,1,1,0,2
0,0,8,0,0,0,0
0,1,76,5,5,0,2
3,0,86,8,7,0,0
1,0,64,6,5,0,0
1,1,44,3,6,0,2
1,0,51,5,3,0,0
4,2,55,7,7,1,0
5,0,47,9,3,0,0
0,1,28,2,5,0,2
2,5,71,6,10,0,2
2,3,73,8,8,0,2
0,0,34,4,3,1,1
0,0,65,5,5,0,1
0,1,44,4,3,0,2
1,1,81,7,6,0,1
1,1,60,6,8,0,1
1,1,76,8,8,0,1
2,3,57,4,7,0,2
0,1,75,4,8,0,2
3,1,67,9,7,0,0
2,0,44,4,4,0,0
2,3,59,6,7,0,2
4,1,83,11,8,0,0
0,1,65,5,7,0,2
2,0,46,4,2,0,0
1,1,61,5,7,0,1
0,0,3,0,0,0,2
0,0,16,2,1,0,0
2,3,89,7,11,1,2
0,1,34,2,4,0,2
5,2,65,9,6,0,0
0,0,44,5,3,0,1
0,0,22,1,1,0,0
0,0,27,2,3,0,0
0,0,17,0,0,0,1
2,1,68,5,8,0,0
0,1,41,4,5,0,2
0,1,26,2,2,0,2
0,0,5,3,0,0,0
0,0,19,0,1,0,0
0,0,37,1,3,0,2
0,0,34,5,3,0,0
1,1,62,11,7,0,0
2,4,84,7,9,0,2
0,0,50,2,3,3,1
0,0,16,0,4,0,2
0,1,59,4,6,0,2
0,0,17,0,0,0,2
2,1,65,4,7,0,0
0,2,15,0,5,0,2
0,0,39,3,5,0,0
1,5,81,5,10,0,2
1,4,67,8,9,0,2
0,0,43,0,1,0,1
0,1,49,0,7,0,2
0,0,13,1,1,0,0
4,5,78,10,10,0,2
1,1,80,11,7,0,0
0,0,6,3,0,0,0
0,0,19,3,0,0,1
2,3,84,10,11,0,2
0,0,20,0,0,0,2
0,1,69,7,6,0,2
0,0,49,5,1,0,0
1,1,74,5,8,0,2
0,0,19,0,4,0,2
1,4,79,4,12,0,2
3,0,59,7,6,0,0
0,3,79,5,10,0,2
0,0,7,0,0,1,0
0,1,32,2,4,0,2
0,2,85,6,8,0,2
1,0,26,4,6,0,0
0,0,23,3,2,0,1
1,0,50,6,7,1,0
0,0,10,0,2,0,1
1,0,8,3,0,0,0
3,5,89,7,10,0,2
0,4,59,5,10,0,2
0,0,36,2,1,0,2
0,2,58,4,5,0,2
0,1,55,6,5,0,2
1,0,21,3,4,0,0
0,0,1,0,0,0,1
0,1,52,6,5,0,2
2,0,49,5,6,0,0
1,1,35,3,4,0,2
0,0,30,7,0,0,0
0,2,23,0,5,0,2
0,0,18,0,2,0,2
2,0,78,8,6,0,0
0,0,11,0,0,0,1
1,0,47,5,5,0,0
1,0,29,3,0,0,0
0,2,48,4,5,0,2
2,2,88,9,6,0,0
2,2,53,6,7,0,2
0,1,16,2,4,0,2
1,1,51,5,5,0,1
0,0,11,0,0,0,0
0,0,22,2,0,0,0
1,0,49,4,3,3,0
0,0,67,5,4,0,1
0,0,30,2,4,0,2
2,1,79,8,6,0,0
0,3,62,6,9,0,2
1,0,29,6,0,0,0
1,1,58,6,6,0,0
1,2,42,6,7,0,2
0,2,59,4,7,0,2
3,3,90,10,10,0,1
1,1,67,7,7,0,1
2,0,22,3,1,0,0
1,0,84,11,6,0,0
0,1,21,0,4,0,2
1,3,59,6,9,0,2
0,0,8,1,1,3,0
0,1,31,4,5,0,2
0,0,16,0,1,0,0
0,0,48,7,2,0,1
2,5,69,7,8,0,2
0,1,43,2,5,0,2
0,0,11,0,2,0,2
1,0,25,3,3,0,0
0,3,87,8,9,1,2
1,0,54,6,3,0,0
1,3,76,6,7,0,2
0,2,50,3,6,0,2
1,0,38,6,1,0,0
4,1,66,12,6,0,0
0,0,8,2,1,0,0
1,0,59,5,6,0,0
0,0,35,2,2,0,1
0,0,12,0,1,0,1
0,0,50,2,4,1,1
0,0,37,2,0,0,0
0,1,56,4,4,0,2
0,1,26,1,3,0,2
2,3,87,10,11,0,2
0,0,24,0,3,0,2
1,0,53,4,2,0,0
0,0,40,0,1,0,1
0,0,32,2,4,0,2
0,2,71,4,7,0,2
1,1,62,5,6,0,1
0,0,39,4,4,0,1
4,2,80,7,8,0,0
2,2,78,7,7,0,2
0,0,41,4,0,0,1
0,1,49,7,7,0,2
1,0,17,3,0,1,0
2,1,72,5,5,0,0
2,3,89,7,10,0,2
1,0,13,4,0,0,0
4,1,85,11,6,0,0
2,0,53,6,1,0,0
4,0,80,11,6,0,0
0,0,65,7,3,0,0
2,0,85,9,8,0,0
0,1,64,4,6,0,2
1,0,21,2,2,0,0
0,0,19,0,0,0,1
5,1,49,9,6,0,0
1,0,56,8,2,1,0
0,0,72,6,7,0,2
0,0,31,3,0,0,1
0,0,10,2,0,1,2
0,0,35,4,1,0,0
1,4,89,6,9,0,2
1,2,85,8,8,0,2
2,1,52,8,6,0,0
0,1,47,7,4,0,2
0,0,64,5,5,0,2
0,0,5,0,0,0,2
0,3,60,5,7,0,2
2,4,72,7,7,0,2
0,0,58,5,1,0,0
0,1,40,4,4,0,2
1,2,79,7,10,0,2
0,0,17,0,2,0,0
1,2,72,8,8,0,2
1,1,35,4,3,0,0
1,2,59,6,6,0,2
2,0,44,4,2,0,0
1,0,19,3,0,0,0
0,0,24,0,5,0,2
0,0,14,0,0,0,1
2,2,80,5,7,0,2
0,0,45,4,0,0,0
0,0,18,0,0,0,1
0,1,18,1,2,0,2
0,3,63,3,9,0,2
0,0,22,0,1,0,2
1,0,9,4,3,1,0
1,0,23,2,0,0,0
0,0,25,3,4,0,0
3,3,85,8,7,0,0
3,2,75,7,7,1,0
0,2,57,4,7,0,2
0,0,2,0,0,0,1
2,2,63,7,6,0,0
0,2,85,5,10,0,2
0,0,52,0,4,0,2
1,2,64,6,7,0,2
0,0,2,0,3,0,1
4,2,87,7,10,0,0
1,0,36,5,4,0,0
0,0,50,2,4,0,2
0,0,7,0,3,0,2
0,1,32,0,6,0,2
0,0,17,6,1,0,0
5,0,81,12,6,0,0
0,0,19,0,3,0,2
1,1,66,7,6,0,0
0,2,57,3,4,0,2
4,3,76,10,7,0,0
0,2,66,5,9,0,2
0,2,78,3,10,0,2
0,0,21,1,0,0,0
0,2,36,0,5,0,2
0,0,38,2,2,0,1
1,1,71,4,7,0,1
1,0,27,5,1,0,0
0,0,31,4,0,0,0
1,0,66,7,3,0,0
1,0,87,11,8,0,0
1,0,67,7,5,0,0
2,4,70,9,10,0,2
4,0,76,9,4,3,0
1,0,45,5,5,0,0
3,1,86,10,7,0,0
0,0,23,0,4,0,0
0,0,12,0,1,0,0
0,0,6,2,0,0,2
2,2,59,4,8,0,2
0,0,4,2,3,1,0
0,0,23,3,0,0,0
0,0,35,3,0,0,1
0,2,51,3,9,0,2
0,0,7,1,0,0,0
2,0,52,8,3,0,0
0,1,90,7,7,0,2
0,0,43,3,6,0,1
2,0,59,8,2,0,0
0,0,4,0,0,0,0
5,0,71,8,4,0,0
1,0,44,6,4,1,0
1,0,42,3,6,2,0
0,0,21,1,0,0,0
0,0,18,3,2,0,1
4,4,88,11,11,0,1
0,0,16,1,1,0,0
0,1,59,7,7,0,2
1,1,83,6,6,0,2
1,1,67,8,5,0,0
0,0,9,0,1,0,0
0,0,41,4,5,0,2
0,3,89,5,5,0,2
1,0,43,4,3,0,0
0,0,56,4,4,0,1
3,0,67,6,7,0,0
2,2,69,8,8,0,0
1,3,75,6,6,0,2
5,0,88,10,5,0,0
1,1,82,4,6,0,0
0,3,49,3,9,0,2
0,0,22,2,0,0,0
0,0,23,0,3,0,2
0,0,23,0,0,0,1
1,0,48,6,1,0,0
2,1,90,9,6,0,0
0,0,17,1,0,0,1
0,0,38,3,2,0,0
0,1,35,6,3,0,2
3,3,89,8,10,0,1
0,0,42,3,2,0,0
2,1,48,7,5,0,0
0,4,88,7,11,0,2
0,0,9,0,0,0,1
4,0,69,11,3,1,0
0,1,42,2,5,0,2
0,0,9,0,0,0,1
1,0,40,4,0,0,0
0,0,31,0,2,0,2
0,1,70,5,6,0,2
0,2,86,5,7,0,2
1,1,68,5,8,0,2
0,0,16,1,0,0,2
2,1,42,5,4,0,0
0,0,6,1,0,0,0
0,1,28,2,3,0,2
2,1,56,6,4,2,0
0,1,29,4,4,0,2
1,0,7,3,0,0,0
2,0,41,7,5,0,0
2,1,59,7,4,0,0
4,1,62,10,4,0,0
0,0,24,0,3,0,1
0,0,27,4,5,1,1
0,0,32,1,3,0,1
2,0,64,4,6,0,0
1,2,78,7,9,0,2
0,0,16,2,3,0,2
4,1,81,9,8,0,0
0,1,73,7,4,0,2
0,1,22,1,3,0,2
0,0,1,1,0,0,1
1,0,28,4,1,0,0
3,1,88,8,7,0,0
1,1,39,4,4,0,2
1,0,18,1,2,0,0
0,0,21,0,4,1,1
0,1,70,9,6,0,2
0,0,24,0,2,0,2
0,0,75,5,7,1,0
1,0,17,3,0,0,0
0,3,67,4,7,0,2
1,0,52,5,2,0,0
1,2,54,5,4,0,2
0,0,59,5,6,0,0
0,0,19,0,0,0,2
0,0,22,3,4,0,0
0,0,26,0,1,0,1
0,1,55,6,5,0,2
1,5,87,7,13,0,2
0,0,29,5,3,0,0
0,0,30,5,2,0,0
1,2,64,6,7,0,2
1,0,64,9,6,0,0
0,0,15,0,0,0,2
0,0,48,5,3,0,0
0,0,57,5,5,0,1
1,1,55,3,4,0,1
0,0,17,4,0,1,1
0,0,9,3,0,0,0
0,0,26,0,0,1,1
0,0,42,0,0,0,0
0,0,3,2,0,0,1
0,0,16,2,0,0,0
0,0,6,0,1,0,2
0,0,45,2,2,0,2
1,0,49,5,6,0,0
0,0,26,0,3,0,1
0,0,48,2,2,0,2
1,1,78,4,9,0,2
0,0,51,3,5,0,1
0,0,7,0,1,0,1
5,2,70,10,8,0,0
0,0,14,0,3,0,2
0,0,10,0,1,0,0
4,4,85,11,9,0,0
0,0,8,0,0,0,0
0,2,53,2,6,0,2
0,0,14,2,2,0,2
1,0,87,4,8,0,0
0,0,44,4,3,0,0
0,0,39,2,0,0,2
1,0,48,4,3,2,0
0,0,25,4,2,0,0
0,3,88,5,10,3,2
1,3,66,7,9,0,2
0,0,19,3,0,0,0
0,0,8,1,0,0,1
0,1,58,4,3,0,2
1,1,86,8,10,0,2
1,0,15,2,3,0,0
1,1,50,4,7,0,1
0,0,4,1,1,0,0
0,0,40,4,4,0,2
1,0,28,3,2,1,0
0,1,58,6,6,0,2
0,0,72,6,5,1,2
3,3,80,10,7,0,0
0,1,41,2,3,0,2
0,0,1,0,0,0,0
0,0,35,7,5,0,0
1,5,87,7,8,0,2
1,2,55,5,6,0,2
1,2,68,7,6,0,2
0,0,49,5,6,0,2
0,0,16,0,1,0,0
1,1,84,7,8,0,2
1,0,69,6,6,0,0
0,0,10,0,2,0,1
0,0,38,1,0,0,1
2,0,62,8,1,0,0
0,1,1,0,3,0,2
3,1,87,8,7,0,0
0,2,47,2,2,0,2
0,0,21,0,0,0,0
2,1,44,4,3,0,0
1,5,77,6,9,0,2
1,0,63,5,7,0,0
4,1,62,6,8,0,0
1,1,81,9,7,0,1
2,1,82,10,6,0,0
0,1,9,0,3,0,2
2,2,83,10,6,0,0
2,4,86,7,9,0,2
3,1,82,8,8,0,0
1,0,38,5,4,0,0
2,3,82,5,6,0,2
0,0,76,5,6,0,0
0,1,79,4,5,0,2
2,1,50,8,5,0,0
3,1,71,9,9,0,0
1,1,70,7,6,0,0
0,0,3,2,2,0,0
0,0,6,2,2,0,0
0,0,48,0,2,0,2
1,4,78,6,6,0,2
3,0,66,9,4,0,0
3,3,60,9,5,0,1
1,1,57,8,6,0,0
2,0,71,7,4,0,0
0,1,71,7,6,0,2
2,3,80,5,7,0,2
2,1,70,8,6,0,0
3,2,72,10,9,0,0
0,0,38,0,3,0,2
0,0,2,0,0,0,1
1,0,53,6,4,0,0
0,0,26,1,1,1,2
0,0,19,2,0,0,1
0,2,3,1,2,0,2
0,0,21,0,0,0,2
3,3,63,5,7,0,1
3,1,51,7,5,0,0
0,1,31,0,5,0,2
3,2,70,9,8,0,0
0,0,26,1,1,0,0
0,1,54,0,5,0,2
4,1,89,12,8,0,0
2,3,63,7,11,0,2
1,0,26,3,4,0,0
0,0,71,8,9,0,2
1,3,73,7,8,0,2
0,0,5,1,1,0,0
1,1,42,6,4,0,1
3,2,76,7,11,0,0
0,0,1,1,0,0,1
0,1,24,2,3,0,2
1,2,81,6,9,0,2
2,4,90,8,7,0,2
0,0,41,0,5,0,1
0,0,26,3,0,0,0
0,0,60,7,4,0,0
1,1,65,6,4,0,0
2,4,82,8,10,0,2
0,2,47,2,6,3,2
0,1,2,0,2,2,2
0,2,58,8,7,0,2
0,0,16,0,0,0,1
0,0,5,1,1,0,2
0,0,15,2,3,0,0
0,2,80,7,8,0,2
0,0,20,0,0,0,0
0,0,31,3,2,0,2
1,5,90,7,8,0,2
0,0,25,3,3,0,2
0,0,47,2,4,0,2
1,0,43,6,2,0,0
2,1,67,6,7,0,0
1,0,58,3,7,0,0
0,0,52,3,3,0,0
1,2,87,7,9,0,2
0,2,29,3,6,0,2
0,0,23,1,0,0,0
0,0,49,1,3,0,2
0,0,16,1,1,0,1
2,0,50,8,4,0,0
1,2,62,6,5,0,2
0,0,14,0,1,0,2
2,0,9,5,0,0,0
0,0,34,1,2,0,1
0,0,19,2,0,0,1
0,2,82,10,8,0,2
0,0,22,0,3,0,0
1,0,60,4,5,0,0
1,0,66,8,7,0,0
1,0,25,4,3,0,0
0,0,27,2,3,0,2
0,1,30,4,3,0,2
1,1,46,2,4,0,0
1,1,45,5,5,0,0
3,1,67,8,4,0,0
1,0,35,4,1,0,0
0,0,3,0,1,0,2
2,3,88,12,12,0,2
0,0,39,3,4,0,2
0,0,15,1,2,0,0
0,0,7,0,0,0,1
0,0,14,1,0,0,1
0,1,58,1,7,0,2
0,0,23,1,1,1,2
0,0,34,3,1,0,0
2,0,80,9,8,0,0
0,0,21,1,2,0,2
1,1,61,7,5,1,2
0,1,47,5,4,0,2
0,0,29,2,2,0,1
0,0,18,1,1,0,1
0,0,30,3,5,0,1
0,1,26,1,4,0,2
0,0,59,2,5,0,2
0,0,55,6,3,0,1
0,0,15,2,1,0,1
0,0,4,0,0,0,0
3,1,72,8,6,0,0
1,2,67,7,7,0,2
0,0,7,2,0,0,1
4,5,88,10,11,0,2
0,0,24,3,1,0,1
1,0,35,3,0,0,0
1,0,53,4,1,0,0
1,1,63,4,4,0,1
1,1,78,7,6,0,2
3,5,83,8,11,0,2
1,1,34,5,6,0,2
0,1,78,7,6,0,2
2,1,63,5,6,3,0
0,0,10,4,0,0,1
0,0,2,1,4,0,2
0,0,19,0,1,0,0
1,4,87,8,9,0,2
0,2,62,5,6,0,2
0,0,35,2,2,0,1
0,0,17,1,3,0,0
0,1,69,4,7,0,2
0,2,46,3,8,0,2
0,2,49,3,6,0,2
4,0,56,11,6,0,0
2,4,87,9,7,0,2
0,1,64,6,6,0,2
4,1,90,8,4,0,0
1,0,24,6,2,0,0
1,0,15,3,1,0,0
0,4,72,4,10,0,2
0,0,54,7,6,0,1
1,3,67,6,9,0,2
0,3,81,3,8,0,2
0,0,20,2,2,0,0
0,0,60,4,5,0,2
0,1,18,0,3,0,2
0,1,54,5,4,0,2
1,1,86,6,10,0,2
2,4,80,11,10,0,2
1,0,37,5,4,0,0
0,0,34,3,3,0,0
1,3,84,5,6,0,2
2,2,84,9,9,1,1
1,1,70,8,7,0,0
2,0,82,5,4,0,0
0,0,52,2,1,0,2
0,0,37,2,3,1,1
0,2,71,6,7,0,2
1,0,57,3,3,0,0
0,2,34,3,6,0,2
1,0,15,4,2,1,0
1,1,39,5,3,0,1
1,2,66,4,4,0,2
2,1,71,7,4,0,0
0,0,84,9,6,0,0
0,0,36,1,2,0,1
3,1,89,12,9,0,0
1,0,46,7,5,0,0
4,3,89,9,10,0,0
0,0,13,1,0,0,1
1,1,48,5,5,1,1
2,1,74,4,7,0,0
0,0,58,3,4,0,1
2,1,79,11,7,0,0
1,2,65,5,7,0,2
1,1,39,6,3,1,1
0,1,10,0,4,0,2
0,2,67,6,6,0,2
0,0,57,3,4,0,0
0,0,38,4,3,0,0
0,1,68,5,9,0,2
0,0,14,0,1,0,2
2,3,66,10,7,0,2
0,0,37,0,5,0,2
1,3,76,6,9,0,2
1,0,56,6,2,0,0
1,0,9,3,3,0,0
0,0,40,3,3,0,0
0,0,6,0,0,0,0
0,3,83,6,11,0,2
0,0,20,2,0,0,0
4,1,88,9,6,3,0
5,2,85,11,7,0,0
0,1,64,5,5,0,2
0,0,34,1,2,0,0
0,2,48,4,7,0,2
0,0,42,4,2,0,0
0,0,20,2,2,0,1
0,0,28,0,2,0,0
0,0,11,0,3,0,1
1,0,70,9,6,1,0
1,2,25,5,5,0,2
0,0,22,2,3,0,1
0,3,48,4,6,0,2
0,0,19,4,0,1,0
0,2,78,3,7,0,2
2,4,70,9,9,0,2
0,1,26,0,3,0,2
0,0,23,1,0,0,0
0,0,41,4,2,0,2
0,0,28,1,2,1,0
0,0,17,1,0,0,1
1,1,54,6,5,0,1
0,0,3,1,0,0,0
1,0,35,3,1,0,0
0,2,47,7,5,0,2
0,0,11,1,0,0,1
0,1,77,5,7,0,2
0,1,28,2,5,0,2
3,0,84,8,7,0,0
0,0,47,0,2,0,1
0,3,63,2,6,1,2
1,1,82,3,6,0,2
3,0,46,8,6,0,0
0,1,62,7,7,0,2
0,1,72,4,4,0,2
0,0,8,0,0,0,1
1,0,49,6,3,0,0
2,0,83,9,5,0,0
0,0,20,0,2,0,1
0,0,13,0,0,0,2
0,0,9,1,0,0,1
0,0,24,3,0,0,1
1,0,18,6,0,0,0
0,2,73,8,10,0,2
1,0,72,5,6,0,0
1,0,16,3,0,0,0
0,0,16,3,5,0,1
1,1,74,6,5,0,1
3,1,90,9,7,0,0
0,0,19,4,0,0,1
0,0,28,1,2,0,2
1,0,76,9,4,0,0
0,0,39,5,2,0,1
4,2,76,8,11,0,0
0,0,24,0,2,0,2
3,0,90,8,11,0,0
1,0,9,6,2,0,0
1,0,35,5,5,0,0
3,1,83,8,7,0,0
2,3,73,8,10,0,2
1,4,73,8,10,0,2
1,0,13,4,0,0,0
1,0,24,4,2,0,0
0,0,17,1,1,0,0
2,3,70,9,11,0,2
0,0,3,0,0,0,1
1,1,78,7,7,0,1
0,1,88,8,9,0,2
1,1,47,3,3,0,1
0,0,10,0,0,0,1
3,1,55,6,4,0,0
0,1,24,4,3,0,2
0,0,1,0,3,2,2
2,1,70,9,6,1,0
0,0,64,1,6,0,2
0,0,33,2,3,0,0
2,0,47,5,0,0,0
4,0,65,7,4,0,0
0,0,29,2,0,0,0
1,0,50,3,6,1,0
0,0,15,0,3,0,1
3,0,88,9,5,0,0
2,1,74,13,5,0,0
2,0,53,6,5,0,0
1,2,75,5,6,1,2
0,0,37,0,4,0,2
1,4,63,5,9,0,2
0,0,38,4,3,0,1
2,0,77,8,2,0,0
3,1,86,9,8,0,0
3,0,80,8,7,0,0
1,0,47,4,7,0,0
0,1,49,5,6,0,2
0,1,59,2,6,0,2
0,1,21,0,4,0,2
0,0,44,2,4,0,1
0,1,53,3,4,0,2
0,0,18,0,0,0,1
1,1,83,9,6,0,0
1,0,33,5,1,0,0
0,1,43,4,4,0,2
0,0,29,0,1,0,1
0,1,16,1,3,0,2
0,0,33,3,3,0,0
0,1,77,3,6,0,2
0,2,13,0,4,0,2
0,1,60,4,7,0,2
4,0,69,7,1,0,0
0,1,26,0,4,0,2
2,1,72,9,8,0,0
0,0,3,2,0,1,2
0,0,2,2,0,0,0
0,1,32,2,3,0,2
0,0,25,2,2,0,2
1,1,51,4,5,0,1
4,1,27,9,4,0,0
3,5,71,7,10,0,2
1,1,38,2,4,0,1
0,1,43,0,4,0,2
0,0,9,1,3,0,2
1,0,33,4,4,3,0
0,0,61,3,4,0,2
3,2,57,7,6,0,0
1,0,53,6,2,0,0
1,0,64,5,5,0,0
2,1,56,6,5,0,0
1,1,17,3,3,0,0
0,0,61,2,4,0,0
1,4,73,11,9,0,2
0,0,8,2,2,0,1
0,0,7,2,1,0,2
1,1,32,5,5,0,2
0,0,29,0,1,0,2
1,0,30,7,4,0,0
4,1,74,9,6,0,0
3,0,90,9,8,0,0
0,2,87,9,7,0,2
1,1,83,8,6,0,0
3,2,70,6,8,1,0
2,0,40,4,2,0,0
2,1,81,8,9,0,0
3,2,90,10,8,0,0
0,1,72,7,5,0,2
0,0,32,1,0,0,1
0,2,38,3,5,0,2
1,2,80,6,6,0,2
0,1,17,2,4,0,2
0,0,54,5,3,0,0
3,3,71,6,10,0,1
0,0,23,4,3,0,0
0,0,4,1,0,0,0
0,0,16,3,1,0,1
0,0,30,5,3,0,1
0,1,59,3,6,0,2
3,1,54,7,7,0,0
0,0,25,2,0,0,0
3,0,47,9,2,0,0
0,1,62,7,4,0,2
0,1,51,2,6,0,2
0,0,55,4,4,0,1
0,0,7,0,3,0,2
3,3,79,12,9,0,0
0,3,31,1,6,0,2
2,1,62,6,6,0,0
0,0,28,0,0,0,0
0,4,83,9,7,0,2
0,0,25,3,4,0,1
1,1,45,5,4,0,0
0,0,51,7,2,0,0
1,1,79,6,6,0,1
0,0,23,6,3,0,0
0,1,19,4,2,0,2
1,1,66,5,8,2,2
1,2,44,4,3,0,2
0,0,30,2,4,0,2
1,0,27,5,2,0,0
0,1,54,2,3,0,2
0,0,50,5,4,0,0
0,0,30,0,0,3,0
0,0,20,0,3,0,2
0,0,13,2,0,0,2
3,1,74,9,5,0,0
0,0,34,0,2,0,1
5,3,82,10,7,0,0
4,5,88,7,10,0,2
0,2,26,1,6,0,2
0,4,72,6,10,0,2
0,1,63,5,8,0,2
0,0,39,1,5,1,1
0,0,17,1,0,0,0
1,2,63,5,7,0,2
0,0,57,4,4,0,2
1,0,74,7,5,0,0
0,0,26,1,4,0,2
1,3,90,6,9,0,2
0,0,14,1,0,0,0
0,0,19,0,2,0,1
2,2,68,6,7,1,0
0,4,68,4,9,0,2
3,0,61,7,3,0,0
1,1,56,8,4,0,1
0,0,32,2,4,0,1
1,1,47,2,4,0,0
0,0,19,3,0,0,1
0,0,10,0,0,0,1
0,1,72,4,9,0,2
1,1,35,6,2,0,1
1,2,80,8,8,0,2
0,0,12,0,1,0,0
0,0,15,2,0,0,0
0,0,21,7,0,0,0
2,2,69,9,8,0,1
1,5,87,8,10,0,2
2,0,56,5,0,0,0
2,2,83,7,10,0,1
1,0,74,8,9,0,0
0,2,34,2,5,0,2
2,0,42,4,2,0,0
4,3,69,9,7,0,0
0,2,50,5,6,0,2
5,3,76,10,8,0,0
0,2,87,5,8,0,2
0,0,87,7,8,0,1
0,0,37,1,3,0,1
0,0,50,1,3,0,1
3,4,80,8,9,0,2
4,2,71,7,6,0,0
0,1,81,6,6,0,2
1,5,89,6,11,0,2
3,0,71,8,3,0,0
0,0,42,1,4,0,2
1,5,87,7,10,0,2
1,1,25,3,2,0,0
3,0,48,6,4,0,0
0,0,29,4,3,2,1
1,4,87,8,10,0,2
0,0,84,6,6,0,0
0,0,11,0,0,0,0
0,2,84,5,7,0,2
2,1,61,3,7,0,0
1,2,82,6,8,1,2
1,0,56,3,6,0,0
1,3,45,3,5,0,2
0,0,27,3,2,0,0
0,0,47,7,4,0,0
3,3,71,7,7,0,0
0,0,65,2,5,1,1
0,3,59,5,6,0,2
2,1,51,7,6,0,0
0,0,57,2,5,0,0
0,0,8,3,3,0,0
0,0,49,7,1,0,0
2,2,88,9,6,0,0
0,2,44,3,4,0,2
1,0,63,4,4,1,0
1,3,57,5,7,0,2
0,1,75,4,7,3,2
0,0,70,5,8,0,1
1,1,49,5,4,0,0
1,0,28,2,2,0,0
0,0,37,3,2,0,1
1,4,89,9,12,0,2
0,1,47,3,3,0,2
0,0,12,0,1,0,2
1,0,57,6,6,0,0
1,1,22,2,4,0,2
2,1,90,10,8,0,0
1,0,37,6,3,0,0
1,1,58,7,6,0,0
1,0,16,1,2,0,0
0,0,8,1,0,0,1
0,2,67,3,6,0,2
1,3,87,7,9,0,2
1,0,86,6,10,0,0
0,0,2,0,0,0,2
5,1,72,12,5,0,0
4,3,57,8,7,0,0
1,3,40,4,8,0,2
0,1,19,2,4,0,2
4,5,81,10,10,0,2
0,0,51,2,4,0,2
2,0,72,8,6,0,0
0,0,35,0,0,0,1
2,3,64,9,7,0,2
0,1,44,3,2,0,2
1,0,36,6,2,0,0
0,1,30,4,3,0,2
4,1,77,8,4,0,0
1,4,86,9,8,0,2
0,0,14,0,0,0,1
0,0,8,0,0,0,2
0,0,32,4,1,0,0
1,0,83,8,4,0,0
0,0,20,1,4,0,2
0,0,27,2,1,0,0
0,0,24,0,4,0,1
2,1,51,8,3,0,0
0,2,77,9,8,0,2
1,0,25,2,0,0,0
0,0,10,0,2,0,1
0,0,19,1,0,0,2
0,2,46,3,8,0,2
0,1,35,1,4,0,2
1,0,75,6,6,0,0
3,2,89,8,8,0,0
1,3,89,7,8,2,2
0,0,32,4,0,0,0
0,0,2,1,0,0,1
0,0,30,1,3,0,0
4,1,89,10,9,0,0
1,1,87,7,10,0,2
0,0,6,2,3,0,2
1,0,60,4,5,0,0
0,0,5,0,0,0,0
0,0,7,1,1,0,0
2,3,73,6,8,0,2
1,1,38,4,6,0,1
0,1,33,0,4,0,2
1,0,28,4,1,0,0
0,2,12,0,4,0,2
1,0,17,5,0,0,0
0,0,28,3,0,1,1
2,0,79,9,4,0,0
5,2,87,11,12,0,0
0,0,6,0,0,0,1
3,1,84,11,8,0,0
1,1,52,3,7,0,1
0,0,8,2,0,0,1
2,3,85,9,8,0,2
3,0,54,6,1,0,0
3,0,62,7,2,0,0
0,2,80,1,8,0,2
0,0,9,0,2,0,2
0,0,12,2,2,0,0
3,2,65,9,5,0,0
0,0,21,1,1,0,2
0,1,23,0,5,0,2
0,0,39,4,2,0,0
1,1,60,6,7,0,2
0,0,8,0,0,0,1
1,0,39,3,5,0,0
0,3,55,5,8,0,2
0,1,26,5,2,0,2
0,1,69,4,10,0,2
0,0,42,1,4,0,2
2,0,37,5,1,0,0
0,0,42,4,3,0,2
0,1,28,3,5,0,2
0,0,48,4,4,0,2
0,0,13,3,2,1,1
2,2,74,7,8,1,1
0,0,19,0,0,0,2
2,0,51,6,5,0,0
1,3,68,3,7,0,2
0,0,70,3,6,0,2
0,0,27,3,0,0,1
0,0,21,1,0,0,0
0,0,23,2,0,0,0
2,1,83,9,6,0,0
0,0,17,1,1,0,1
0,3,55,1,5,0,2
2,1,38,4,4,0,0
0,0,4,1,0,0,0
1,4,82,5,12,0,2
2,0,67,6,3,0,0
0,0,26,4,2,0,1
1,0,24,5,5,0,0
0,3,66,4,6,0,2
1,2,50,5,7,0,2
0,0,29,1,2,0,1
2,3,43,5,8,0,2
1,0,43,6,4,0,0
1,0,75,9,6,0,0
0,0,60,3,6,0,0
2,5,60,6,12,0,2
0,2,48,5,6,0,2
0,0,12,1,0,0,0
0,0,27,1,2,0,1
1,3,87,8,9,0,2
0,0,4,0,0,0,0
0,0,28,2,2,0,1
0,0,2,0,0,0,2
2,0,71,4,9,3,0
3,4,85,8,10,0,2
1,0,57,6,2,0,0
0,0,6,0,0,0,2
0,0,26,2,3,0,0
0,0,10,2,0,0,1
0,0,9,4,2,0,1
1,1,48,4,5,1,0
0,0,47,5,2,0,0
2,0,71,7,1,0,0
1,0,45,5,2,0,0
0,1,39,8,2,2,2
0,0,81,6,3,0,0
0,3,82,5,10,0,2
3,3,81,11,6,0,0
1,5,90,10,8,1,2
0,2,87,7,7,0,2
0,0,9,1,0,0,0
0,1,63,2,3,0,2
0,1,65,2,9,0,2
1,0,5,3,1,0,0
1,1,62,6,8,0,0
1,1,65,6,5,0,0
0,1,85,5,7,0,2
0,0,24,0,2,0,1
1,0,87,8,3,0,0
0,0,9,3,1,0,2
0,3,45,3,5,0,2
2,0,62,5,4,0,0
0,1,48,3,4,0,2
1,2,81,9,7,0,2
2,3,75,6,7,0,2
0,0,40,4,3,0,1
2,0,21,4,1,0,0
0,0,8,0,2,0,2
0,1,67,6,7,0,2
3,4,86,11,11,0,2
0,1,83,4,6,1,2
0,0,30,2,1,0,1
0,0,13,1,2,0,1
0,0,47,4,4,0,1
0,0,33,3,0,0,1
0,0,10,1,0,0,1
0,0,58,5,0,0,1
0,0,29,1,5,0,2
0,0,26,2,2,0,1
3,5,87,10,13,0,2
1,2,76,7,8,0,2
3,1,77,9,5,2,0
5,1,83,10,8,1,0
0,0,41,1,2,0,0
0,2,72,5,9,0,2
0,0,31,0,3,0,1
0,0,50,3,4,0,0
0,1,45,3,4,0,2
0,0,5,1,0,0,1
1,0,74,5,5,0,0
0,0,14,0,2,0,1
4,1,79,10,9,0,0
4,0,51,10,1,0,0
0,1,28,2,3,0,2
2,1,58,8,5,0,0
1,5,55,5,10,0,2
1,1,71,7,9,0,1
1,0,90,4,6,0,0
0,0,18,1,3,0,1
2,3,75,8,10,0,2
1,0,69,8,5,0,0
0,0,48,6,2,0,1
0,0,9,1,1,0,1
2,1,57,6,5,0,0
0,1,56,5,8,1,2
0,0,15,0,0,0,0
0,0,16,4,0,0,1
0,2,45,2,5,0,2
0,0,20,0,0,0,2
1,0,26,3,0,0,0
2,1,75,8,9,0,0
0,0,49,6,5,0,1
0,4,66,5,7,1,2
0,1,37,3,6,0,2
0,0,19,4,0,0,0
1,0,47,6,0,0,0
0,0,17,0,1,0,0
2,0,37,4,4,1,0
4,3,83,9,9,0,0
1,1,59,6,5,0,2
0,0,8,1,0,0,0
0,5,76,10,9,0,2
0,0,26,4,2,0,1
0,1,59,2,5,0,2
0,2,77,5,9,0,2
0,0,54,5,1,0,0
1,2,79,4,7,0,2
0,0,19,1,0,0,0
0,0,2,3,2,0,1
0,2,78,6,8,0,2
1,0,32,5,2,0,0
0,0,17,0,0,0,1
2,0,62,11,4,0,0
0,0,33,4,8,0,1
1,0,18,2,2,3,0
0,4,80,8,9,0,2
0,1,78,5,7,0,2
0,0,4,2,1,0,2
0,1,13,0,3,0,2
0,0,25,3,2,0,0
0,0,28,0,1,0,1
0,0,12,3,2,0,1
0,0,8,3,0,0,0
0,0,50,3,4,0,1
0,0,17,4,0,0,0
0,0,18,1,1,0,2
2,3,85,6,10,0,2
0,1,51,3,4,0,2
5,0,88,10,1,0,0
1,1,77,5,7,0,2
0,1,29,2,6,0,2
1,4,85,7,10,0,2
0,1,83,7,6,0,2
0,1,44,0,6,0,2
0,2,74,5,8,0,2
1,1,75,7,6,0,2
0,0,20,1,0,0,1
0,1,69,5,6,0,2
0,0,21,5,0,0,1
3,3,84,6,9,0,1
1,0,66,7,7,0,0
1,0,15,2,3,0,0
3,0,90,7,5,0,0
0,0,40,2,0,0,0
0,2,54,4,6,1,2
1,3,90,6,8,0,2
0,0,13,1,0,0,1
0,3,30,0,6,0,2
0,1,36,2,3,0,2
1,1,66,8,3,0,0
0,3,69,5,9,0,2
0,1,19,0,4,0,2
0,1,6,0,1,0,2
0,0,14,2,3,0,0
0,0,44,4,8,0,2
0,0,24,6,0,1,1
3,1,75,10,6,0,0
0,0,47,3,5,0,1
0,0,28,2,1,0,2
2,1,38,5,6,0,0
0,0,45,2,3,0,2
1,0,59,7,3,0,0
0,0,25,3,1,0,0
2,5,63,4,13,0,2
2,3,55,6,9,0,2
0,0,54,3,1,0,0
0,0,51,4,2,0,0
0,0,18,2,0,0,0
3,0,45,9,2,0,0
0,0,23,3,3,0,1
2,1,79,8,7,0,0
4,0,26,7,2,0,0
0,1,30,4,3,0,2
3,2,85,11,10,0,0
0,0,21,2,0,0,0
1,1,75,5,5,0,1
0,1,19,0,5,0,2
0,0,27,5,0,0,1
3,2,86,8,8,0,0
0,0,16,0,0,0,0
0,2,43,2,4,0,2
0,0,17,1,1,0,1
1,0,6,4,3,0,0
2,3,86,12,10,0,2
0,0,9,2,1,0,2
2,0,29,4,2,0,0
1,0,57,6,5,0,0
1,2,80,7,7,0,2
0,2,12,0,6,0,2
3,4,69,9,8,0,2
1,0,36,4,4,1,0
0,0,28,0,4,0,2
0,0,34,0,1,0,1
0,0,24,3,6,0,2
2,0,77,11,5,0,0
0,0,71,6,7,0,1
0,0,39,4,4,0,2
2,1,86,5,7,3,0
2,2,60,6,5,0,0
2,0,50,7,4,0,0
0,4,80,6,8,0,2
0,0,26,0,1,0,1
1,4,82,5,9,0,2
0,1,34,4,1,0,2
0,0,16,2,2,0,0
0,2,37,6,6,0,2
0,3,83,5,8,0,2
0,0,29,0,4,0,2
2,3,85,8,8,0,2
0,0,19,3,0,1,0
0,3,48,4,6,0,2
0,0,3,1,0,0,0
1,1,59,4,8,0,1
0,2,62,5,8,1,2
0,0,39,6,2,0,1
0,0,11,0,1,0,2
0,2,72,7,9,0,2
0,0,9,3,1,0,0
0,0,14,1,2,0,0
0,0,1,0,0,0,0
5,0,80,9,8,0,0
0,0,41,0,3,0,1
1,0,56,6,4,1,0
0,0,18,1,2,0,1
1,4,76,9,9,0,2
0,0,14,1,2,0,0
1,1,68,7,8,0,2
0,1,88,6,9,0,2
1,2,57,6,7,0,2
0,0,4,0,0,0,0
0,0,14,2,0,0,0
0,0,10,5,0,0,0
4,1,77,9,5,0,0
2,0,61,5,2,0,0
2,0,36,7,3,0,0
2,1,49,4,6,0,0
0,0,25,1,1,0,2
1,0,66,8,6,0,0
0,1,55,4,6,0,2
1,2,36,2,6,0,2
2,0,58,7,4,0,0
0,1,40,0,4,0,2
0,1,8,0,3,0,2
0,0,15,3,1,0,1
0,0,10,1,2,0,1
1,0,50,3,0,0,0
1,1,29,2,4,0,1
0,0,2,2,0,0,0
4,2,65,8,7,0,0
0,5,84,7,9,0,2
0,0,37,0,0,0,2
1,0,74,8,3,0,0
0,1,71,4,7,0,2
1,0,83,4,8,0,0
5,1,71,8,7,0,0
0,0,9,0,0,0,2
3,0,19,6,0,0,0
0,0,14,0,0,0,2
4,1,63,7,6,0,0
1,0,75,6,3,0,0
3,5,67,7,10,0,2
0,0,21,0,1,0,2
0,0,6,2,1,0,1
5,3,90,10,9,1,0
0,0,30,4,2,0,0
0,1,20,1,5,0,2
2,0,79,8,5,0,0
0,0,44,4,3,0,1
1,3,65,5,6,0,2
0,0,11,1,1,0,2
2,2,90,9,7,0,1
0,0,37,2,1,0,0
0,0,18,0,0,0,2
2,0,56,6,3,0,0
0,0,23,1,1,1,0
4,0,61,8,5,0,0
0,2,45,1,7,0,2
0,0,45,4,1,0,1
0,0,28,1,5,1,1
1,2,46,4,6,0,2
1,3,71,7,8,0,2
0,0,30,1,0,0,1
2,3,78,8,9,0,2
2,1,71,7,4,0,0
0,0,51,3,6,0,2
2,0,50,8,3,0,0
0,1,43,3,5,0,2
0,0,54,4,2,0,0
0,0,16,1,2,0,2
0,0,31,2,3,0,1
0,0,8,1,1,0,1
0,1,16,0,3,1,2
0,0,30,3,5,1,0
2,2,87,6,9,0,1
0,1,79,4,8,0,2
0,1,10,0,3,0,2
2,0,46,5,5,0,0
0,0,10,4,2,0,0
0,0,22,2,0,0,0
1,0,40,3,1,0,0
1,3,37,3,8,0,2
0,0,26,1,2,0,2
2,3,85,9,10,0,2
0,0,29,1,1,0,0
4,2,84,7,8,0,0
0,1,63,4,8,0,2
2,2,62,9,7,0,0
0,0,9,2,1,0,2
0,0,39,4,2,0,0
0,2,48,3,7,0,2
0,0,42,3,5,0,2
0,0,15,5,4,0,0
0,2,53,4,4,0,2
0,0,18,2,3,0,2
0,1,46,4,5,0,2
1,2,66,5,8,0,2
1,0,36,6,2,0,0
3,2,82,7,8,0,0
0,1,44,3,6,0,2
2,0,39,7,5,0,0
0,0,12,0,0,0,2
1,2,55,6,7,0,2
1,0,50,6,4,0,0
0,0,58,1,5,0,2
0,4,71,5,9,0,2
1,0,29,3,4,0,0
0,0,7,3,0,0,0
0,0,40,3,5,0,2
0,0,18,2,0,0,0
0,0,27,1,5,0,1
0,0,6,1,1,0,1
0,1,31,4,4,0,2
0,0,46,3,0,0,1
3,4,75,8,9,0,2
0,0,8,0,3,0,2
0,0,57,4,7,0,2
5,2,81,9,7,0,0
1,2,45,4,4,0,2
0,0,14,0,0,0,1
0,0,40,1,2,0,2
0,0,25,3,1,0,2
0,0,20,0,0,0,2
0,0,27,0,2,0,2
0,0,23,2,0,0,1
0,1,75,6,4,0,2
2,0,68,7,5,0,0
0,0,53,2,4,0,1
4,4,85,9,9,0,2
0,0,49,4,5,0,2
0,0,4,0,1,0,0
1,0,47,4,6,0,0
0,3,51,3,9,0,2
5,1,81,10,8,0,0
0,0,10,0,0,0,0
0,0,33,5,4,0,1
0,0,19,1,0,0,1
2,2,81,7,6,0,1
2,0,29,4,5,0,0
0,0,44,3,3,0,2
0,1,38,5,5,0,2
1,3,71,7,8,0,2
0,0,18,1,1,0,0
0,0,25,2,0,0,1
1,0,15,2,0,0,0
1,0,32,5,2,0,0
1,0,89,11,8,0,0
0,0,30,3,2,0,0
1,3,59,5,8,0,2
0,1,44,4,3,1,2
2,1,84,9,4,0,0
1,0,64,5,3,0,0
1,4,75,5,10,0,2
1,3,86,7,8,0,2
0,0,48,2,5,0,1
0,0,53,3,6,0,1
1,0,35,5,4,0,0
0,2,69,6,9,0,2
0,0,32,2,1,0,0
2,3,86,7,8,0,2
0,0,52,4,3,0,0
0,1,59,1,9,0,2
3,0,74,8,5,0,0
0,0,17,1,3,0,1
0,0,28,2,2,0,2
0,0,7,1,0,0,2
2,0,67,6,6,0,0
0,3,62,8,7,0,2
0,0,14,0,3,0,1
0,0,6,0,4,0,2
0,0,27,1,2,0,0
1,0,32,5,2,0,0
1,1,81,7,6,0,2
0,0,26,5,2,0,0
0,1,18,0,5,0,2
0,0,6,0,0,0,2
3,0,88,9,7,0,0
1,0,17,5,1,0,0
1,1,46,3,6,0,2
2,1,69,7,6,0,0
2,1,60,9,4,0,0
1,0,42,4,4,0,0
1,1,50,4,3,0,1
0,0,19,0,2,0,2
0,0,24,6,0,0,1
1,0,65,5,4,0,0
0,0,21,2,6,0,1
0,0,21,0,3,0,1
0,0,33,4,4,0,0
0,2,50,6,4,0,2
0,1,77,3,5,0,2
2,1,85,8,10,0,0
0,1,29,5,3,0,2
0,0,6,0,1,0,0
1,3,90,9,9,1,2
1,1,81,9,4,0,1
0,3,56,3,9,0,2
0,0,57,3,4,0,1
0,0,40,0,0,0,2
2,3,54,8,8,0,2
0,0,7,0,0,1,2
0,0,30,4,3,0,1
0,0,12,0,2,0,1
1,0,47,4,2,1,0
2,1,63,6,4,0,0
1,1,87,5,6,2,0
0,0,64,4,8,0,2
3,0,67,6,1,0,0
1,0,30,2,5,0,0
0,2,41,1,7,0,2
0,1,46,2,6,0,2
0,0,5,0,0,0,2
2,0,53,6,3,0,0
0,0,19,2,0,0,1
1,1,32,7,2,0,0
0,1,38,2,4,0,2
0,0,20,2,0,0,2
0,0,21,0,0,1,2
0,2,35,5,6,0,2
0,0,15,0,0,0,2
1,3,72,10,8,0,2
0,2,64,6,8,0,2
0,3,61,2,10,0,2
0,1,19,2,3,0,2
1,2,51,5,7,1,2
1,1,24,4,6,0,0
0,0,11,0,2,0,2
0,3,62,3,7,0,2
0,0,16,0,2,0,2
0,0,20,2,2,0,1
0,0,3,0,1,0,1
0,0,1,0,0,0,0
0,0,18,4,2,0,0
1,0,79,8,8,0,0
0,0,30,1,2,0,0
0,1,55,3,5,0,2
0,3,43,5,5,0,2
0,0,61,3,5,0,0
1,5,63,5,9,0,2
0,0,4,0,1,0,2
0,0,21,1,0,0,0
0,0,80,4,4,0,1
0,0,6,3,0,0,1
0,1,20,0,5,0,2
3,4,84,9,13,0,2
1,4,83,6,9,0,2
1,0,52,4,6,0,0
0,1,59,5,5,0,2
0,0,45,4,2,0,1
3,3,69,6,8,0,2
0,1,63,4,6,0,2
1,3,60,5,10,0,2
2,0,9,5,0,0,0
0,1,52,4,4,0,2
1,1,29,5,3,0,1
1,0,36,7,1,0,0
0,1,83,6,7,0,2
1,3,74,7,9,0,2
0,0,2,1,0,0,1
2,0,50,6,3,0,0
0,1,53,1,4,0,2
0,0,10,0,0,0,1
1,0,22,4,4,0,0
0,3,53,4,7,0,2
2,0,35,7,5,0,0
0,1,48,3,6,0,2
0,0,22,1,0,0,1
0,1,9,2,3,1,2
0,0,19,0,1,0,1
0,0,46,3,1,0,2
0,1,51,5,3,0,2
2,2,69,7,7,0,0
0,0,32,1,3,0,2
2,2,69,8,9,0,0
1,1,46,5,4,0,2
1,0,53,7,4,0,0
0,0,51,5,1,1,0
0,0,43,2,5,0,1
0,0,69,4,7,0,1
0,0,59,4,1,0,1
3,2,77,11,7,0,0
0,1,45,6,6,0,2
2,0,54,8,5,0,0
0,0,61,7,0,0,1
0,0,44,2,2,0,2
0,1,83,5,4,0,2
0,0,18,1,2,0,0
0,0,31,3,3,0,1
1,0,63,7,2,0,0
0,0,18,2,1,0,0
0,0,3,2,0,0,0
4,2,44,9,7,0,0
3,2,80,9,9,0,0
1,0,58,5,5,0,0
3,1,74,10,6,0,0
4,4,65,9,10,0,2
0,0,10,1,0,0,0
0,0,6,2,0,0,0
1,1,19,3,3,0,0
0,0,28,3,6,0,0
0,0,44,2,2,0,0
1,2,70,7,9,0,2
1,2,56,6,8,1,2
0,0,16,0,2,0,1
1,1,49,3,6,2,2
0,2,65,5,6,0,2
5,0,87,10,8,0,0
0,0,35,3,5,0,2
2,5,77,8,13,0,2
1,2,62,4,6,0,2
0,2,21,0,4,0,2
0,0,20,0,2,1,1
1,2,82,7,5,0,2
0,0,55,3,2,0,1
3,2,63,10,5,0,0
0,0,5,2,0,0,1
1,0,67,5,6,0,0
0,0,36,0,6,0,1
0,1,31,1,3,0,2
4,0,60,7,5,0,0
0,1,72,6,7,0,2
0,1,48,4,3,0,2
0,0,23,4,1,0,1
0,0,45,4,3,0,1
0,0,42,2,2,0,0
0,0,10,0,1,0,2
0,0,23,0,1,0,0
0,2,68,5,6,1,2
4,2,87,9,9,0,0
1,0,38,3,3,0,0
0,2,56,4,6,0,2
1,0,58,6,3,0,0
0,1,24,1,4,0,2
0,0,69,5,6,0,0
0,0,3,0,0,0,0
0,0,38,4,2,3,0
0,0,55,5,3,0,0
0,0,30,4,3,0,1
0,0,52,5,6,0,0
0,0,24,1,0,0,0
0,1,42,3,8,0,2
0,1,49,3,4,0,2
0,0,54,4,3,0,2
0,1,82,6,6,0,2
0,0,9,0,3,0,0
0,0,29,3,3,1,0
0,2,63,4,8,0,2
0,0,29,1,0,0,1
0,0,13,2,0,0,0
4,1,90,9,7,0,0
0,0,42,4,2,0,0
1,1,66,9,5,0,0
0,1,65,4,6,0,2
0,1,48,2,7,0,2
0,1,35,0,4,0,2
1,2,72,6,5,0,2
1,2,77,6,9,0,2
1,0,40,6,1,0,0
2,0,49,5,0,0,0
0,1,59,6,4,0,2
0,1,90,5,6,0,2
1,0,48,7,4,0,0
0,0,8,2,0,0,0
1,0,64,7,5,0,0
0,0,42,7,1,0,1
1,0,76,7,5,0,0
3,0,79,9,4,0,0
0,2,47,5,5,0,2
0,2,36,3,5,0,2
0,0,51,2,3,0,0
0,3,90,7,7,0,2
0,0,21,0,0,0,1
0,1,22,1,4,0,2
2,2,70,9,7,0,0
1,3,70,6,9,0,2
0,0,16,0,1,0,2
0,0,25,1,0,0,2
1,1,72,10,7,0,0
1,0,64,8,6,0,0
0,0,9,0,0,0,1
2,4,68,8,8,0,2
3,0,39,7,3,0,0
5,0,89,14,5,0,0
5,1,80,12,6,0,0
1,0,19,1,1,0,0
0,0,42,3,3,0,0
3,1,80,9,5,0,0
1,2,67,5,6,0,2
0,0,27,0,1,0,1
3,4,86,8,8,0,2
0,2,64,2,6,0,2
2,3,67,8,8,1,2
0,0,2,0,0,0,2
2,1,87,10,11,0,0
0,0,1,0,0,0,0
0,2,41,2,3,3,2
0,0,12,2,0,0,2
3,3,86,9,9,0,1
2,2,54,7,6,0,1
1,1,90,10,6,0,1
1,2,62,5,7,0,2
1,0,37,6,4,0,0
0,0,27,2,1,0,0
0,1,44,0,3,0,2
0,0,14,0,1,0,1
1,0,34,5,3,0,0
2,0,29,5,0,0,0
0,1,62,0,6,0,2
1,0,49,4,2,0,0
0,0,11,0,0,0,1
4,0,87,8,9,0,0
0,0,30,2,2,0,1
0,0,32,2,2,0,0
0,0,46,3,3,1,0
1,1,68,8,6,0,1
0,0,13,0,1,3,0
4,3,82,10,11,0,0
0,1,50,6,6,0,2
3,1,87,7,5,0,0
1,3,76,5,8,0,2
0,0,27,0,1,0,0
0,0,35,0,1,0,2
0,0,59,6,6,0,2
1,0,34,3,4,0,0
1,0,53,7,0,0,0
0,0,66,4,5,0,0
1,0,30,2,6,0,0
0,0,66,4,4,0,0
2,0,60,9,7,0,0
0,0,32,6,2,0,0
0,1,58,3,4,0,2
0,0,20,3,0,0,0
0,0,13,0,1,0,1
0,0,38,0,0,0,2
0,1,40,3,5,0,2
0,0,5,0,1,0,0
1,1,62,5,6,0,0
0,1,64,4,5,0,2
1,3,90,10,8,0,2
0,0,62,3,6,0,1
0,0,53,7,2,0,0
0,3,53,5,7,0,2
0,0,38,5,3,0,1
0,0,13,0,1,0,2
1,1,51,4,5,0,1
0,1,20,0,3,1,2
2,1,69,8,4,0,0
0,1,26,2,5,0,2
1,5,88,5,12,0,2
0,0,1,1,0,0,1
0,0,5,0,1,0,2
0,3,40,4,6,0,2
0,0,1,0,0,0,1
0,0,11,1,0,0,0
0,0,23,0,2,0,2
2,3,83,7,9,0,2
0,0,59,1,2,0,1
0,0,8,0,0,0,0
0,0,22,2,4,2,2
2,0,59,9,4,0,0
2,0,53,4,4,0,0
0,0,9,0,0,0,0
0,1,24,0,4,0,2
0,0,17,2,4,0,2
0,0,9,1,1,0,2
0,0,6,0,1,0,2
0,0,22,1,0,2,0
0,0,43,4,2,1,0
0,0,4,0,0,0,0
1,1,90,8,7,0,1
0,0,6,1,0,0,1
2,0,53,5,6,0,0
2,1,58,6,4,0,0
0,1,63,6,5,0,2
0,1,43,3,3,0,2
1,0,55,4,4,0,0
0,1,7,0,2,0,2
1,0,59,5,3,0,0
3,1,76,8,6,0,0
0,0,17,2,1,0,2
0,0,55,2,3,0,1
1,1,61,6,6,0,0
0,1,27,2,6,0,2
1,0,42,7,4,0,0
0,0,15,1,0,0,0
0,1,10,0,3,0,2
0,0,40,5,2,0,0
0,0,7,1,0,0,1
0,2,33,3,7,0,2
2,3,81,8,9,0,2
2,3,88,4,9,0,2
0,0,23,3,3,0,0
0,0,16,0,1,0,2
0,0,31,2,0,0,0
4,4,90,10,8,0,1
0,0,71,3,4,0,2
0,1,55,3,4,0,2
0,0,55,5,5,0,1
2,3,86,7,10,0,2
1,2,83,10,9,2,2
2,1,53,6,5,0,0
0,0,30,1,2,0,1
0,0,5,0,1,0,1
1,1,41,5,5,0,0
1,0,40,4,2,0,0
2,0,82,7,6,0,0
4,4,85,11,11,1,0
1,1,73,6,5,0,1
1,3,66,6,9,0,2
1,0,51,3,2,0,0
1,2,80,7,7,0,2
0,0,47,4,1,0,1
3,5,86,7,8,0,2
0,0,5,1,0,0,1
0,0,15,0,1,0,1
0,0,52,5,6,0,0
0,1,9,0,3,0,2
0,0,16,0,0,0,0
1,0,25,3,3,3,0
0,0,49,4,5,0,2
1,1,85,7,7,0,1
2,0,11,3,0,0,0
2,1,63,7,8,0,0
0,0,30,0,0,0,1
2,2,80,6,11,0,2
0,0,34,4,4,0,0
3,2,85,9,9,0,0
1,3,82,9,7,0,2
0,0,38,6,2,0,0
0,0,18,0,1,0,2
3,3,57,8,4,0,0
1,2,79,7,7,0,2
0,2,48,6,9,0,2
0,2,52,4,6,0,2
0,0,29,6,4,0,0
0,0,38,3,2,0,0
0,0,14,0,0,0,1
0,0,13,1,1,0,1
0,0,40,4,3,0,0
0,1,33,2,7,0,2
3,0,68,8,5,0,0
1,0,52,5,7,0,0
1,1,88,8,10,0,2
1,1,39,3,4,0,1
0,1,50,4,8,0,2
1,0,57,8,2,0,0
2,0,45,9,0,0,0
1,2,81,9,10,0,2
0,3,72,4,7,1,2
0,0,34,5,4,0,1
3,3,82,8,10,0,2
0,1,64,1,6,0,2
0,3,61,3,9,0,2
3,0,54,6,1,0,0
2,2,66,9,6,0,0
1,0,17,3,1,0,0
0,0,24,1,0,0,0
1,0,9,4,3,0,0
0,0,43,1,4,0,2
0,1,59,2,6,1,2
0,0,14,0,2,0,2
0,0,53,5,3,0,1
1,1,69,6,8,0,2
2,0,67,10,5,0,0
0,0,5,0,1,2,1
1,0,47,5,4,0,0
0,2,54,3,6,0,2
0,1,40,1,4,0,2
0,0,49,2,4,0,2
0,2,83,6,7,0,2
0,0,25,4,3,0,1
0,0,32,1,1,0,0
0,0,12,1,0,0,0
3,2,86,10,9,0,0
4,1,84,8,8,0,0
0,2,53,2,7,0,2
0,0,37,3,3,0,1
5,2,78,9,6,0,0
1,2,83,7,5,1,2
0,0,16,0,1,0,1
1,3,68,5,9,0,2
1,3,83,9,10,0,2
2,1,83,7,6,0,0
1,1,43,3,5,0,1
0,0,13,0,3,0,2
1,1,75,9,7,0,0
1,0,28,5,1,0,0
0,2,76,4,6,0,2
1,1,62,8,5,0,0
0,0,33,3,3,0,1
2,0,56,6,5,0,0
0,0,32,3,3,0,1
0,0,8,2,0,0,0
0,0,7,1,0,0,0
0,1,46,3,5,0,2
0,0,2,0,0,0,0
0,1,32,2,3,1,2
1,1,87,8,9,0,0
0,0,18,1,0,0,0
0,0,18,1,0,0,1
0,1,23,0,6,0,2
0,1,15,1,1,0,2
2,0,35,5,3,0,0
0,0,36,0,7,0,2
0,1,54,4,6,0,2
1,3,75,8,12,0,2
1,0,35,4,4,0,0
0,0,8,0,3,0,1
1,0,14,2,3,0,0
0,0,8,1,0,1,1
0,0,1,0,0,1,1
0,2,62,1,9,0,2
2,1,77,9,7,3,0
2,3,68,5,8,0,2
1,0,48,5,7,0,0
0,0,7,0,0,0,0
0,0,63,0,2,0,2
4,3,88,13,10,0,0
4,0,59,6,3,0,0
3,0,76,7,9,0,0
0,0,64,5,4,0,2
5,3,90,12,8,0,0
1,3,53,3,8,0,2
0,0,5,0,0,0,0
0,0,16,3,0,0,0
1,2,50,5,6,0,2
0,0,10,3,0,0,1
0,0,19,0,0,1,2
0,2,17,2,5,1,2
0,2,43,2,7,0,2
1,2,87,4,8,0,2
3,1,74,7,9,0,0
0,2,47,3,3,0,2
1,0,20,3,2,0,0
0,0,29,1,0,0,0
2,3,68,7,9,0,2
2,0,83,8,5,1,0
2,3,63,9,7,0,2
0,1,89,5,7,0,2
1,1,68,6,9,0,2
0,0,44,3,1,0,0
0,0,36,3,5,0,1
2,2,79,9,5,0,1
0,0,33,0,4,0,2
1,0,47,6,2,0,0
0,0,27,1,0,0,2
0,0,33,5,2,0,0
0,0,3,0,0,0,1
0,0,18,2,4,0,1
1,1,49,5,5,0,2
1,0,28,6,2,0,0
2,0,41,4,3,0,0
0,2,56,2,5,0,2
1,0,42,4,5,0,0
2,2,57,6,7,0,0
1,0,54,8,5,0,0
0,0,12,0,0,0,2
3,0,66,7,2,0,0
3,2,89,10,11,0,0
0,2,45,4,4,0,2
0,0,18,2,0,0,1
0,0,12,0,0,0,1
0,2,36,4,5,0,2
1,1,53,6,7,0,0
0,0,2,0,0,0,2
0,0,22,4,0,0,1
0,0,22,5,2,0,0
0,0,12,0,0,0,0
0,0,7,1,0,0,0
3,3,78,9,7,0,0
0,0,9,0,0,0,2
0,0,33,3,0,0,0
1,0,87,6,7,0,0
0,0,19,2,0,0,0
1,0,51,5,5,0,0
1,2,56,6,3,0,2
1,0,57,4,3,0,0
0,0,5,0,0,0,1
0,2,37,3,7,0,2
2,0,45,4,2,0,0
0,0,44,0,3,0,0
3,2,61,10,8,0,0
0,0,25,1,4,0,1
2,1,72,5,6,0,0
4,1,81,11,6,0,0
5,0,81,8,3,0,0
0,0,10,1,2,0,2
0,1,48,2,5,0,2
0,3,81,8,12,0,2
0,0,24,2,0,0,1
0,0,48,5,4,0,1
1,0,69,7,9,0,0
0,0,20,4,0,0,0
1,0,36,3,5,0,0
3,3,79,9,6,0,0
1,0,15,4,1,0,0
2,2,88,8,7,1,2
3,0,55,9,4,0,0
0,1,7,0,4,0,2
0,1,54,4,3,1,2
1,3,73,6,6,0,2
1,1,80,7,5,0,0
3,1,80,8,7,0,0
0,0,3,2,0,0,1
0,0,6,3,0,0,2
1,0,25,4,0,0,0
1,4,80,6,10,1,2
0,0,27,0,1,0,1
2,0,69,7,6,0,0
0,0,40,3,5,0,2
1,0,51,6,5,0,0
0,0,3,2,1,0,2
1,1,68,7,7,0,0
0,0,4,0,0,0,1
0,1,8,5,4,0,2
0,0,19,0,0,0,2
0,0,17,0,1,0,1
0,0,5,0,0,0,2
3,0,73,10,4,0,0
0,1,48,4,3,0,2
0,0,36,0,2,0,2
4,1,88,9,8,0,0
0,0,55,5,5,0,2
1,0,53,4,3,0,0
1,0,77,7,6,0,0
4,0,54,8,5,0,0
0,0,33,3,4,0,0
0,1,2,0,3,0,2
0,0,16,0,1,0,0
0,0,22,1,1,0,0
3,1,63,10,7,0,0
3,0,85,6,8,0,0
4,3,67,7,7,0,0
0,1,66,7,6,0,2
3,0,83,5,6,0,0
0,2,61,2,6,0,2
2,1,58,8,5,0,0
0,0,3,0,0,1,0
4,5,88,9,9,0,2
0,0,34,3,1,0,0
0,2,55,3,7,0,2
1,3,65,8,8,1,2
0,0,50,4,5,0,0
0,0,28,4,3,0,0
0,0,12,0,0,3,2
1,1,29,6,2,0,0
0,0,27,4,2,0,1
1,1,79,8,5,0,1
1,2,51,6,2,0,2
0,1,61,5,7,1,2
0,0,57,5,3,0,1
0,1,54,3,6,0,2
0,0,13,0,0,0,2
2,0,58,5,6,0,0
0,0,37,1,5,0,1
2,0,56,9,7,0,0
0,2,11,0,3,0,2
0,1,72,3,7,0,2
1,0,6,2,1,0,0
0,0,52,5,6,0,0
2,0,14,3,1,0,0
3,4,75,8,10,0,2
0,3,47,5,6,0,2
0,1,72,4,7,1,2
0,0,5,0,0,0,1
1,2,86,9,8,1,2
0,0,2,0,1,0,2
0,1,36,2,6,0,2
0,0,5,0,0,0,0
0,0,28,0,0,0,0
0,1,40,1,6,0,2
0,0,31,1,0,1,1
0,0,37,1,0,0,0
0,0,5,1,0,0,2
3,5,85,9,11,1,2
1,2,75,5,6,0,2
2,2,81,7,7,0,0
1,0,41,7,6,0,0
0,1,57,9,7,0,2
2,0,85,8,8,1,0
0,0,26,2,3,0,2
0,0,22,3,2,0,1
5,1,86,9,5,0,0
3,0,74,5,7,0,0
2,0,50,6,5,0,0
2,1,82,7,8,0,0
0,1,52,4,6,0,2
0,3,11,0,6,0,2
0,0,25,0,0,0,2
1,0,68,6,6,0,0
0,0,31,2,5,1,2
0,2,64,5,9,0,2
0,0,31,3,0,0,0
1,0,15,4,3,0,0
1,0,1,3,0,0,0
1,1,52,5,8,0,0
1,1,79,5,7,1,2
0,1,60,4,9,0,2
0,2,89,7,8,0,2
0,0,19,4,1,0,0
2,1,67,8,7,0,0
0,0,11,0,1,0,2
0,0,7,0,1,0,1
0,0,90,5,11,0,1
0,0,14,2,1,0,0
0,1,29,1,5,0,2
1,3,75,9,7,0,2
0,0,11,3,0,0,0
0,0,18,0,0,0,0
0,2,65,3,7,0,2
2,2,44,5,5,0,1
0,0,35,2,1,0,0
2,0,39,4,2,0,0
0,0,42,1,4,0,1
0,0,37,4,4,0,2
2,2,60,6,6,0,1
0,0,3,0,0,0,0
0,2,46,2,8,0,2
1,2,65,6,6,0,2
0,1,53,3,7,0,2
0,0,36,2,1,0,0
1,0,80,9,5,0,0
0,0,24,3,0,0,0
1,0,26,4,0,0,0
2,1,67,8,6,0,0
1,0,36,5,2,0,0
0,4,63,5,9,0,2
2,5,89,8,13,0,2
0,0,16,0,0,0,0
4,0,77,12,7,0,0
1,1,43,3,5,0,2
0,1,23,0,6,0,2
1,3,81,7,9,0,2
1,2,34,6,4,0,2
0,0,68,6,4,0,1
2,2,76,6,8,0,0
0,0,14,0,1,0,1
1,0,54,7,1,0,0
1,0,11,2,1,0,0
4,0,70,10,5,0,0
1,0,26,4,4,0,0
0,0,12,6,3,0,1
0,0,18,1,0,0,0
1,2,45,2,8,0,2
0,0,32,4,5,0,1
0,0,50,3,2,1,2
1,2,83,7,9,0,2
0,1,71,6,4,0,2
0,0,35,3,5,0,0
0,0,39,2,3,0,1
1,0,46,5,4,0,0
1,2,61,7,7,0,2
1,0,54,5,3,0,0
0,1,88,8,6,0,2
2,1,52,6,4,0,0
0,1,55,7,3,0,2
4,4,79,10,10,0,0
2,5,88,8,10,0,2
0,0,17,2,0,0,0
1,0,34,5,2,0,0
5,0,85,10,10,0,0
0,0,51,3,5,0,2
2,0,49,4,0,0,0
1,0,26,5,2,0,0
0,0,17,2,3,1,2
0,0,29,5,0,1,1
0,0,21,0,2,0,0
0,3,90,3,7,0,2
3,1,75,8,6,0,0
0,0,26,2,2,0,0
0,0,2,0,0,0,0
0,0,23,0,2,0,0
1,3,85,8,8,0,2
4,2,78,11,7,0,0
1,1,74,5,8,0,1
2,4,85,15,9,0,2
0,0,14,1,0,0,2
0,0,45,2,4,0,1
0,1,56,5,6,0,2
0,1,6,0,2,0,2
0,1,31,5,3,0,2
0,3,57,3,6,0,2
0,0,4,1,1,0,0
0,1,53,3,6,0,2
0,0,25,4,3,0,1
0,0,69,3,7,0,2
0,0,41,4,3,0,1
3,0,61,7,3,0,0
0,0,11,1,1,0,1
1,0,30,3,1,0,0
2,0,57,6,5,1,0
0,0,19,1,0,0,1
0,0,31,1,1,0,1
0,0,19,1,0,0,0
3,0,56,4,7,0,0
0,0,7,0,0,0,1
4,4,84,9,11,0,2
2,2,60,7,6,0,1
0,0,31,2,1,0,0
0,0,12,0,3,0,2
1,2,74,7,7,0,2
0,0,10,0,0,0,1
0,0,2,1,0,0,0
0,1,50,5,6,0,2
0,0,16,0,1,0,1
0,0,18,0,0,0,0
1,0,4,6,0,0,0
0,0,7,0,0,0,2
0,2,62,3,8,0,2
0,2,66,7,4,0,2
1,1,66,6,4,0,0
0,0,23,4,3,0,0
0,2,71,12,7,0,2
0,0,34,2,0,0,0
0,1,41,4,5,0,2
0,0,23,3,3,2,0
0,0,3,0,2,0,2
0,0,57,4,4,0,0
0,0,54,0,2,2,0
0,0,18,0,2,0,2
1,1,81,7,6,0,0
0,1,22,3,3,0,2
0,1,60,2,8,0,2
2,0,10,5,1,0,0
1,1,75,6,9,0,1
0,0,6,0,1,0,1
3,0,63,9,5,0,0
0,3,65,3,10,0,2
2,3,81,7,10,0,2
0,0,5,0,0,0,0
0,0,27,0,4,0,1
1,1,61,8,7,0,1
0,0,20,0,3,0,2
2,0,85,8,6,0,0
0,3,76,7,9,0,2
2,1,63,7,5,0,0
1,2,41,6,3,0,2
0,0,36,1,4,0,2
1,0,5,1,0,0,0
1,3,46,5,6,0,2
1,1,81,9,8,0,0
0,0,33,1,0,0,1
0,0,25,1,2,0,1
0,2,40,4,4,0,2
0,0,56,5,5,0,1
0,2,53,1,7,0,2
1,1,86,7,4,1,0
1,3,82,4,8,0,2
3,2,57,10,8,0,0
0,0,41,6,1,0,0
1,0,49,4,2,0,0
2,1,71,7,4,0,0
0,1,50,6,6,0,2
3,0,84,9,3,3,0
0,0,13,6,0,0,1
0,0,6,0,0,0,2
1,0,21,3,0,0,0
1,0,57,3,5,0,0
0,0,9,0,1,0,1
0,0,16,5,0,0,0
0,0,27,3,1,0,1
0,0,36,3,2,0,0
3,3,76,6,10,0,2
0,1,74,5,5,1,2
3,1,48,7,3,0,0
0,1,11,2,5,0,2
1,0,70,6,3,0,0
0,0,2,2,0,0,1
3,2,78,5,10,0,0
1,0,18,2,0,0,0
0,0,4,0,0,1,1
1,4,77,5,9,0,2
2,0,52,7,8,0,0
0,0,29,6,2,0,1
1,1,52,5,4,0,0
1,1,84,7,8,0,0
0,1,6,0,3,0,2
4,1,85,9,7,0,0
3,0,68,8,5,0,0
2,2,60,6,5,0,1
0,0,1,0,0,0,1
1,0,23,6,2,0,0
0,0,28,0,4,0,2
1,0,60,7,7,0,0
0,0,9,0,3,0,2
2,0,83,10,4,0,0
0,0,30,2,2,0,0
0,1,35,3,6,0,2
0,1,83,6,6,0,2
0,0,16,0,1,0,2
1,0,25,3,0,0,0
1,0,42,2,2,0,0
3,2,74,8,5,0,0
1,0,78,9,4,0,0
1,2,68,5,8,0,2
1,0,87,9,7,0,0
0,0,5,3,0,0,0
2,3,57,7,8,0,2
0,1,2,0,3,0,2
2,2,86,11,9,0,2
0,0,23,1,0,0,1
0,0,7,0,2,0,1
0,0,35,0,2,0,2
1,0,70,8,7,0,0
0,0,28,2,3,0,2
1,2,52,5,7,0,2
0,0,34,1,0,1,0
0,0,21,2,1,0,2
0,1,56,4,7,0,2
3,1,63,8,5,0,0
1,0,19,4,3,0,0
0,0,17,4,0,0,0
0,0,1,0,1,0,1
1,1,57,3,8,0,1
1,2,90,7,9,0,2
0,0,9,0,0,0,1
0,0,24,0,3,0,1
0,1,16,1,4,1,2
1,2,77,5,9,0,2
0,0,23,3,2,0,1
2,2,75,5,8,0,2
3,1,66,6,4,1,0
2,2,85,6,9,0,2
0,2,57,4,5,0,2
1,2,58,6,4,3,2
2,0,68,7,7,0,0
1,0,38,4,0,0,0
1,2,68,5,8,0,2
0,0,22,2,4,0,1
0,0,6,0,0,0,0
2,1,59,4,5,0,0
0,0,13,0,0,0,0
0,1,50,1,7,0,2
0,0,26,0,2,0,2
1,1,31,3,3,0,1
2,4,82,7,10,0,2
0,0,65,7,4,1,1
0,0,35,0,1,0,2
0,0,16,0,0,0,1
0,1,69,4,6,0,2
0,2,49,5,6,0,2
0,3,39,5,6,0,2
0,1,68,4,7,0,2
5,3,86,11,8,0,0
0,0,18,2,1,0,0
1,0,60,9,3,0,0
5,0,89,10,6,0,0
0,0,3,0,0,0,2
1,2,84,5,7,0,2
1,0,72,4,9,0,0
3,0,51,7,6,0,0
0,0,50,3,4,0,0
0,0,4,2,0,0,0
1,0,71,8,8,0,0
1,1,59,5,9,0,1
0,1,71,5,7,0,2
0,0,32,3,3,0,0
0,0,5,0,1,0,2
0,0,10,2,0,0,0
0,2,79,5,8,0,2
4,0,88,11,8,1,0
2,2,88,10,11,0,1
0,0,26,0,6,0,1
1,1,50,4,3,0,1
0,0,44,2,3,0,2
0,0,17,2,1,0,0
0,0,31,4,4,0,2
0,0,22,0,0,0,0
1,1,63,5,5,0,2
1,0,64,8,8,0,0
0,2,42,5,4,0,2
0,4,90,9,12,0,2
0,1,67,2,7,0,2
0,1,37,0,3,0,2
0,0,16,0,0,0,1
2,3,80,10,11,0,2
0,0,2,1,0,0,2
1,0,17,3,4,0,0
0,0,19,0,4,0,2
0,2,59,2,7,0,2
0,3,75,5,7,0,2
0,5,70,8,10,0,2
0,0,23,3,2,0,1
2,2,72,5,4,0,2
0,0,13,0,0,0,1
1,0,38,6,0,0,0
0,0,7,1,3,0,2
0,0,32,6,0,0,0
0,0,40,4,2,0,0
1,2,78,9,8,0,2
0,1,50,3,7,0,2
0,1,36,1,5,0,2
0,1,33,3,7,0,2
2,0,35,3,4,0,0
1,0,55,6,5,0,0
1,0,71,8,6,0,0
0,0,10,1,0,3,0
2,1,57,6,6,0,0
4,3,84,10,10,0,0
0,0,46,5,3,0,0
0,0,37,3,2,0,0
0,0,19,0,1,3,1
0,0,31,1,1,0,0
1,1,69,6,6,0,0
1,1,29,5,3,0,0
1,0,48,3,0,0,0
0,0,32,4,3,0,1
1,1,90,5,13,0,1
0,0,42,4,4,0,0
3,3,77,8,8,0,2
1,0,67,6,7,0,0
0,2,48,2,5,0,2
0,0,32,5,2,1,1
2,5,85,9,10,0,2
0,0,84,7,8,0,2
2,0,71,9,6,0,0
5,1,65,10,5,0,0
5,1,75,9,6,0,0
2,2,58,5,4,0,0
1,3,63,4,9,0,2
0,0,6,0,0,0,2
1,2,50,8,4,0,2
1,1,54,5,6,0,2
0,0,24,1,0,0,2
0,0,29,6,4,0,1
3,2,89,8,7,1,0
0,4,78,5,9,0,2
2,1,57,5,6,0,0
0,0,33,2,2,0,1
5,4,84,11,9,1,0
0,0,72,6,7,0,1
4,1,67,8,7,0,0
0,0,43,6,0,0,1
0,0,12,3,0,0,1
0,0,17,2,0,0,0
0,2,54,6,5,1,2
0,0,45,3,2,0,1
0,0,42,2,0,0,2
0,0,34,3,4,1,1
1,1,68,8,6,0,1
0,1,73,6,6,0,2
0,0,18,3,0,0,0
2,1,90,8,8,0,0
0,1,28,0,5,0,2
1,0,83,7,9,0,0
1,2,79,7,9,0,2
0,2,65,5,6,0,2
2,2,51,8,6,0,0
0,1,11,1,4,0,2
0,0,56,0,6,0,2
0,2,51,5,8,1,2
0,0,28,1,5,0,1
2,0,63,11,1,0,0
0,0,10,1,2,0,0
2,1,43,3,3,0,0
5,1,87,10,6,0,0
2,0,62,8,3,0,0
2,0,37,5,6,0,0
0,0,32,5,1,0,1
0,0,38,2,2,0,1
0,0,32,2,0,0,0
0,1,81,6,7,0,2
0,0,24,0,2,0,1
1,2,89,8,10,0,2
0,0,4,0,0,0,2
0,0,29,0,1,0,1
2,3,78,7,6,0,2
1,2,65,8,5,0,2
0,0,15,1,1,0,0
0,0,6,0,3,0,2
1,5,81,7,11,0,2
2,2,69,6,10,0,1
0,0,49,4,3,0,1
1,0,20,2,1,0,0
0,0,34,6,0,3,1
0,0,43,0,5,0,2
3,3,86,7,9,0,0
1,1,71,8,4,0,0
2,1,25,4,4,0,0
0,0,28,0,2,0,0
0,0,15,0,3,0,0
0,1,59,6,5,0,2
0,0,81,7,6,0,1
2,0,49,6,6,0,0
2,0,48,8,3,0,0
4,1,43,5,3,0,0
0,0,21,0,2,0,0
0,0,22,2,0,1,0
3,1,35,6,2,0,0
0,0,15,0,2,0,0
1,1,56,8,8,3,2
1,1,80,6,9,1,2
2,1,60,7,7,0,0
0,0,46,0,6,0,1
0,1,41,4,4,0,2
1,3,77,6,10,0,2
0,1,47,4,6,0,2
0,0,25,3,6,0,1
0,0,3,0,0,0,0
0,0,46,1,1,0,0
1,2,49,4,7,0,2
2,0,27,4,1,0,0
0,3,27,4,8,0,2
0,0,8,0,0,0,1
1,0,55,3,4,0,0
0,1,21,2,4,0,2
0,0,32,4,3,0,0
2,1,72,7,9,0,0
0,0,5,0,0,0,1
1,0,35,5,4,0,0
5,0,56,9,7,0,0
0,0,13,2,0,0,1
0,0,4,0,0,1,0
0,0,37,2,2,0,0
1,0,38,4,3,0,0
0,0,12,1,1,0,2
1,0,8,1,0,0,0
0,0,31,3,1,0,1
0,0,35,4,2,0,0
1,0,29,9,1,0,0
0,0,48,4,4,0,1
0,0,10,0,2,0,0
3,0,57,10,5,0,0
0,1,40,3,5,0,2
0,0,3,2,0,0,1
1,1,51,3,5,0,0
1,0,45,2,4,0,0
0,2,69,6,8,3,2
0,0,34,3,1,0,1
0,0,21,0,0,0,0
0,0,30,1,3,0,2
5,0,66,6,3,0,0
0,2,16,2,4,0,2
2,1,86,11,10,0,0
1,3,77,5,8,0,2
0,0,30,2,1,0,0
0,0,12,0,1,3,1
0,4,76,5,10,0,2
0,0,8,0,0,0,2
0,0,66,4,5,0,2
0,1,42,5,5,0,2
0,0,27,0,1,0,2
0,3,51,5,8,0,2
0,0,20,0,0,0,1
1,0,63,5,7,0,0
0,3,11,0,4,0,2
1,0,77,8,7,0,0
3,1,85,9,8,0,0
0,0,12,0,0,0,1
1,0,70,8,5,0,0
3,1,90,11,11,0,0
0,0,27,0,0,0,0
0,0,24,3,0,1,0
0,5,49,3,8,0,2
1,4,54,4,9,0,2
1,0,76,4,4,0,0
0,0,6,0,0,0,1
1,0,40,6,7,1,0
0,0,1,0,1,0,1
1,0,31,3,3,1,0
0,2,78,7,7,0,2
1,4,82,7,12,1,2
0,0,18,2,0,0,0
1,1,77,12,5,0,0
0,0,21,0,0,0,0
0,0,14,1,4,0,2
4,1,48,11,4,0,0
0,2,61,4,5,0,2
0,1,87,5,6,0,2
0,0,17,1,0,0,0
1,0,31,4,1,0,0
0,2,32,2,5,0,2
1,1,47,4,5,0,0
0,0,17,2,0,0,0
0,0,12,0,0,0,2
1,3,69,7,6,0,2
0,1,62,2,6,0,2
0,5,31,2,8,0,2
0,1,37,0,4,1,2
0,0,6,3,0,0,0
4,1,78,9,6,0,0
0,1,9,0,2,0,2
0,0,8,2,0,0,1
0,0,18,4,1,0,0
0,0,50,4,3,0,0
1,0,5,2,2,3,0
0,0,61,7,8,0,2
0,0,6,0,0,0,2
1,1,38,2,3,0,1
0,0,17,0,0,0,0
1,4,63,4,8,0,2
0,2,65,2,5,0,2
0,0,67,5,6,0,0
1,0,64,5,8,0,0
0,0,4,0,1,0,2
1,3,67,8,8,0,2
2,4,46,9,6,0,2
1,0,48,7,0,0,0
0,1,39,2,4,0,2
0,1,17,2,4,2,2
0,0,31,0,3,0,2
3,3,67,8,8,0,0
0,0,44,2,3,0,2
1,0,4,2,0,0,0
0,0,20,3,2,0,2
0,0,12,2,2,0,1
0,0,8,3,0,0,0
0,0,56,5,5,0,2
1,1,81,8,8,0,0
0,0,40,3,4,0,0
0,0,22,4,3,0,0
0,1,39,3,5,0,2
3,4,59,7,8,1,2
0,0,72,8,5,0,1
2,2,85,9,11,0,2
0,0,5,0,0,0,2
0,0,71,3,4,0,2
0,0,42,3,4,1,1
2,1,38,6,5,0,0
0,0,7,1,4,0,2
0,1,24,2,3,0,2
0,0,5,0,1,0,0
0,0,73,4,6,0,0
5,4,87,10,9,0,0
2,0,35,5,6,0,0
1,0,25,1,0,0,0
1,0,44,4,1,0,0
1,1,63,8,7,0,2
3,0,23,5,1,0,0
3,0,47,7,2,0,0
0,0,77,6,4,0,0
1,1,87,7,8,0,0
0,1,27,3,2,0,2
0,0,25,4,3,0,0
0,0,7,3,0,0,0
1,0,8,3,1,0,0
0,0,12,3,2,0,2
0,1,74,5,9,0,2
0,0,45,4,5,0,0
0,0,38,3,1,0,0
0,2,38,4,5,0,2
0,0,9,1,2,0,0
0,1,7,0,1,0,2
3,2,80,10,10,0,0
2,0,18,5,0,0,0
0,0,41,2,5,0,1
4,1,86,9,12,0,0
1,4,53,5,6,0,2
0,0,17,0,3,0,1
1,2,63,7,6,0,2
0,0,13,6,0,0,0
1,2,59,8,7,0,2
1,1,61,5,8,0,2
0,0,1,0,0,0,0
2,0,73,9,6,2,0
2,3,66,5,7,0,2
0,0,36,2,1,0,1
0,0,36,0,3,1,1
2,0,52,6,3,0,0
0,0,22,0,1,0,1
0,0,5,0,1,0,1
0,0,16,4,0,0,0
0,1,19,0,3,0,2
0,0,18,0,4,0,2
1,0,6,4,0,0,0
1,0,57,6,4,0,0
2,0,84,10,7,0,0
1,0,40,5,2,0,0
2,1,62,6,3,1,0
3,2,79,8,7,0,0
0,0,69,4,2,0,1
1,2,62,5,7,0,2
0,0,39,2,2,0,1
0,2,68,6,6,0,2
0,3,80,8,8,0,2
1,0,71,6,6,0,0
1,0,12,4,0,0,0
0,1,37,0,7,0,2
1,0,2,1,0,0,0
0,0,11,1,1,0,0
0,0,14,3,2,0,1
1,5,79,9,10,0,2
0,0,55,8,6,0,1
1,0,12,4,0,0,0
2,1,84,11,6,0,0
4,0,87,11,5,0,0
1,2,65,5,7,0,2
1,0,2,4,0,0,0
1,0,35,7,1,0,0
0,1,45,3,4,0,2
5,4,89,11,8,0,0
0,1,81,2,9,0,2
1,0,51,5,2,1,0
0,0,51,4,2,1,0
0,0,23,0,0,0,0
3,3,79,7,9,0,1
0,0,12,2,0,0,1
0,0,39,2,5,0,2
4,1,70,8,8,0,0
1,0,38,8,2,0,0
1,0,68,8,5,0,0
0,0,42,2,2,0,1
0,0,36,4,5,1,2
0,0,43,5,4,0,1
4,3,87,9,11,0,0
0,1,54,0,6,0,2
2,4,83,8,10,0,2
0,0,39,3,6,0,2
1,2,68,5,9,0,2
3,5,86,9,10,0,2
0,1,23,6,3,0,2
0,0,51,6,5,0,0
0,0,9,0,0,0,2
0,0,3,0,2,0,1
3,3,90,8,7,0,1
0,0,15,0,0,0,0
2,1,79,7,4,1,0
0,0,25,4,3,0,1
0,0,13,1,0,0,0
0,0,14,1,2,0,0
2,2,74,8,6,0,0
1,1,83,7,5,0,0
0,2,21,3,5,0,2
1,0,6,2,1,0,0
0,0,1,0,0,0,2
4,0,84,9,2,0,0
2,0,56,8,5,0,0
0,0,17,2,3,0,1
0,0,19,2,1,0,1
1,1,65,3,6,0,2
2,2,81,7,7,0,0
0,0,16,1,3,0,2
0,0,46,5,0,0,0
5,0,62,9,3,0,0
0,0,4,1,0,0,2
4,0,89,12,11,0,0
0,0,11,1,1,0,2
5,1,46,9,5,1,0
0,1,33,7,2,0,2
0,0,1,0,0,0,1
0,4,76,5,11,0,2
0,1,69,5,6,0,2
3,2,78,11,8,0,0
1,2,87,5,6,0,2
0,0,10,3,0,0,0
0,1,40,4,5,0,2
0,0,17,2,0,0,2
0,0,6,2,0,0,0
0,0,2,1,0,0,2
0,0,42,1,1,0,2
1,0,8,3,0,0,0
2,0,81,9,4,0,0
0,2,52,4,6,0,2
1,4,68,9,8,0,2
2,0,70,9,7,3,0
0,2,71,6,7,0,2
0,3,78,9,9,0,2
1,1,60,5,4,0,1
0,0,28,3,1,0,0
0,2,53,5,7,0,2
0,0,31,2,1,0,0
4,0,84,7,6,0,0
1,1,54,3,6,0,1
0,0,9,3,0,0,1
1,1,48,7,7,0,0
0,0,23,1,0,0,2
0,0,17,1,2,2,0
3,0,41,7,4,0,0
0,0,11,4,0,1,0
2,0,21,7,0,0,0
0,1,79,8,5,0,2
0,0,1,0,2,0,0
0,0,32,5,3,1,1
1,0,27,4,1,0,0
0,0,32,1,3,0,2
1,0,44,4,2,0,0
2,1,39,5,3,0,0
0,0,22,5,1,0,0
3,0,80,9,6,1,0
0,0,11,4,0,0,0
0,0,8,1,3,0,1
2,1,75,6,5,0,0
0,2,37,5,5,0,2
0,0,15,0,0,0,0
1,0,19,7,0,0,0
0,0,14,0,2,0,1
3,5,68,7,9,0,2
0,0,21,0,3,0,1
1,1,53,4,3,0,0
0,1,71,6,8,0,2
0,0,6,0,0,0,0
0,0,51,2,6,0,2
1,0,23,2,1,0,0
0,2,85,7,6,0,2
2,1,90,9,8,0,0
4,1,82,11,8,0,0
0,0,3,2,0,0,0
0,1,39,2,4,0,2
0,0,31,2,2,0,0
0,0,17,2,2,0,1
2,4,72,8,7,0,2
0,0,14,1,0,0,2
0,0,38,6,4,0,0
1,2,46,3,5,0,2
1,0,31,5,3,0,0
0,1,16,0,2,0,2
0,0,14,0,0,0,0
1,2,66,5,7,0,2
3,3,67,9,9,0,0
0,0,4,3,1,0,1
2,0,51,5,5,0,0
0,1,52,2,4,0,2
1,4,69,5,8,0,2
1,0,18,3,3,0,0
0,1,51,1,3,0,2
0,0,24,3,1,0,1
0,2,53,3,5,0,2
1,3,88,9,9,0,2
0,0,81,6,7,0,0
0,0,21,2,0,2,1
0,0,9,1,1,0,1
4,5,60,7,7,0,2
0,0,27,0,4,1,1
0,1,73,4,4,0,2
2,0,22,3,1,0,0
4,0,63,6,7,2,0
3,0,66,8,6,0,0
0,0,6,2,1,0,1
1,0,50,6,4,0,0
0,0,10,0,3,0,1
2,0,57,6,8,0,0
0,2,77,6,7,0,2
2,2,76,6,5,0,2
0,4,74,4,11,0,2
3,2,73,6,8,0,0
0,1,56,5,5,0,2
0,0,17,3,1,0,1
0,2,56,5,6,1,2
0,2,60,4,6,0,2
2,0,63,5,2,0,0
1,3,68,8,9,0,2
2,0,73,7,4,0,0
0,1,49,4,3,0,2
0,0,1,0,0,0,0
0,0,36,2,4,0,0
0,1,64,6,5,0,2
1,4,41,5,7,0,2
0,0,8,0,1,0,2
0,2,68,5,7,0,2
0,3,88,7,12,0,2
0,0,15,0,0,0,0
4,1,82,8,7,0,0
0,0,55,4,5,0,2
0,0,1,0,2,0,1
2,1,82,8,6,0,0
2,0,35,5,1,0,0
1,0,22,3,1,0,0
0,1,52,5,8,0,2
1,2,34,5,5,0,2
0,1,81,5,6,0,2
0,0,62,3,5,0,2
0,2,74,6,3,0,2
0,0,52,3,2,3,1
3,2,80,11,10,0,0
0,0,39,3,4,0,2
0,0,8,1,1,0,1
1,0,41,2,4,0,0
3,1,77,9,4,0,0
0,0,3,0,0,0,2
0,0,15,8,0,0,0
1,1,85,9,10,0,0
0,0,41,0,5,0,2
1,0,85,7,5,0,0
0,0,1,0,0,0,1
0,0,16,2,2,1,1
0,2,61,5,8,0,2
0,0,29,4,0,0,0
0,0,29,1,2,0,1
0,2,49,4,5,0,2
2,2,56,7,5,0,2
1,2,45,4,5,0,2
3,1,59,6,6,0,0
0,0,14,0,0,0,0
0,1,60,4,5,1,2
0,0,32,6,1,0,1
0,0,15,4,0,0,0
2,1,63,8,7,0,0
0,0,3,0,0,0,1
1,5,80,7,10,0,2
0,1,38,2,5,0,2
1,2,44,4,3,1,2
0,2,70,6,8,1,2
1,0,64,9,5,0,0
1,0,66,3,6,0,0
0,3,71,4,7,0,2
0,0,45,4,6,0,2
0,0,52,6,6,0,0
0,0,3,1,0,0,0
1,2,75,5,6,3,2
2,0,48,5,1,0,0
0,0,13,0,1,0,1
0,0,63,5,6,0,1
4,2,76,8,9,0,0
0,4,81,7,8,0,2
0,0,9,1,0,0,1
0,0,23,1,0,0,0
1,1,40,3,2,0,0
0,1,38,0,4,0,2
2,0,85,10,3,0,0
0,0,7,0,1,0,1
0,1,61,4,6,0,2
0,0,13,0,2,0,2
0,2,52,5,6,0,2
0,0,24,2,2,0,0
0,0,3,0,0,0,2
1,0,37,3,2,0,0
0,0,28,3,0,0,1
0,0,6,0,2,0,2
0,0,37,5,1,0,0
0,0,50,5,4,0,0
0,0,15,0,0,0,1
0,0,18,0,2,0,1
0,0,46,7,6,0,2
1,0,63,5,6,0,0
1,0,49,3,2,0,0
0,0,45,4,6,0,2
2,2,73,9,6,0,1
2,3,77,9,7,0,2
1,0,48,4,5,0,0
0,0,24,1,0,0,1
0,1,39,3,6,0,2
0,1,72,7,7,0,2
0,0,22,0,3,2,1
0,0,6,0,0,0,2
0,1,38,3,4,2,2
0,0,58,3,1,0,1
4,3,86,10,7,0,0
0,0,49,4,5,0,2
0,2,14,0,4,0,2
2,2,87,7,12,0,2
0,0,18,1,2,0,0
0,0,23,1,1,1,1
0,0,14,4,0,0,0
0,0,43,1,4,0,2
0,0,7,0,0,0,0
1,0,54,7,6,0,0
0,0,51,5,6,0,1
0,1,42,7,7,0,2
5,0,40,9,1,0,0
1,0,33,4,0,0,0
2,0,88,8,5,0,0
2,0,58,6,2,0,0
2,2,75,4,7,0,2
0,0,5,0,0,0,1
1,1,87,9,7,0,0
0,0,37,1,3,3,0
1,3,71,8,7,0,2
4,3,63,7,7,0,0
0,0,18,2,0,0,0
0,0,25,4,3,0,2
1,0,30,5,1,0,0
2,0,50,6,3,0,0
0,0,20,0,2,0,2
0,2,26,2,3,3,2
0,4,43,3,8,0,2
0,0,13,5,0,0,0
2,2,90,8,9,0,1
0,1,36,4,4,0,2
1,3,84,5,10,0,2
1,2,87,6,10,0,2
1,3,71,7,8,0,2
1,0,78,11,6,0,0
0,0,28,2,3,0,1
0,0,5,3,0,0,0
3,1,88,8,5,0,0
0,0,1,2,0,0,0
0,0,40,5,4,0,0
0,0,40,1,0,0,1
0,0,7,0,1,0,2
0,0,13,0,5,0,2
0,0,64,6,4,0,0
2,4,85,7,9,0,2
0,3,67,6,10,0,2
0,0,5,2,0,0,0
0,0,39,3,3,0,2
0,0,1,0,0,0,0
0,1,27,1,4,0,2
1,3,70,6,10,0,2
3,2,68,9,5,0,0
1,1,39,2,2,0,0
0,0,32,2,5,0,2
2,2,87,8,9,0,2
1,2,77,6,8,0,2
0,1,37,1,3,1,2
4,0,55,7,7,0,0
1,0,23,5,0,0,0
0,0,22,2,1,0,2
3,1,54,6,7,0,0
0,0,10,0,0,0,1
2,4,80,8,8,0,2
0,0,17,3,2,0,0
3,1,32,7,7,0,0
1,0,61,6,4,0,0
0,0,37,3,7,0,2
0,0,28,1,0,3,1
1,2,89,7,7,0,2
1,0,73,9,7,0,0
0,2,48,2,5,0,2
1,0,40,5,2,0,0
0,1,22,2,3,0,2
0,0,77,4,5,0,0
0,0,12,1,0,0,1
1,3,77,7,10,0,2
5,3,73,10,9,0,0
1,1,67,8,6,0,1
1,2,78,8,6,0,2
3,0,32,4,3,0,0
0,1,28,3,5,0,2
1,1,85,5,6,0,2
0,1,38,3,4,0,2
0,0,25,0,1,0,2
0,0,10,0,1,1,0
0,0,15,2,1,0,1
0,0,34,4,5,0,1
0,0,1,0,1,0,2
3,0,83,8,9,0,0
0,0,6,2,0,0,0
0,0,6,0,0,0,1
3,4,72,8,9,0,2
1,0,79,11,5,1,0
1,1,51,3,4,0,0
0,2,76,4,11,0,2
0,0,2,0,0,0,0
0,0,33,2,1,0,0
0,0,37,5,2,1,1
1,0,4,3,1,0,0
2,0,60,7,7,0,0
4,1,85,9,6,0,0
0,2,69,1,7,0,2
1,4,90,7,9,0,2
0,0,16,5,0,0,0
0,0,40,4,2,0,1
1,2,38,4,6,1,2
1,1,76,9,4,0,1
0,0,36,3,3,0,1
0,1,49,3,5,0,2
0,2,77,5,10,0,2
0,1,23,5,4,0,2
0,0,3,0,1,0,2
0,0,52,0,4,0,2
0,1,37,3,4,0,2
0,1,61,5,7,0,2
0,0,11,3,4,0,1
0,0,42,2,4,0,2
2,0,52,4,5,0,0
2,3,77,10,8,0,2
2,2,69,6,8,0,2
2,0,47,6,4,0,0
0,0,37,2,4,0,1
1,1,53,4,5,0,1
0,0,50,6,3,0,1
0,0,17,0,5,0,2
0,0,24,1,1,0,1
0,0,27,5,1,0,1
0,0,25,1,4,1,2
0,2,41,3,5,0,2
0,1,62,4,5,0,2
0,0,42,5,2,0,0
0,0,32,3,5,0,2
0,3,57,3,6,1,2
1,2,78,8,9,1,2
0,1,26,1,3,0,2
0,0,15,5,2,0,1
4,0,68,7,5,0,0
2,4,65,10,10,0,2
1,2,70,6,9,0,2
0,1,37,6,4,0,2
0,1,71,3,4,0,2
1,0,32,6,4,0,0
0,0,26,3,1,0,1
0,0,23,1,0,0,0
0,0,57,6,1,0,0
0,0,13,1,3,0,2
0,0,34,3,0,0,1
0,0,38,2,4,0,0
2,2,83,8,11,0,2
2,1,90,8,6,0,0
1,1,46,6,4,1,0
1,0,27,2,4,0,0
3,1,74,8,4,0,0
4,2,90,8,8,0,0
0,0,10,0,0,0,2
2,1,56,5,4,1,0
2,3,88,7,8,0,2
3,0,56,8,3,0,0
0,0,15,0,0,0,2
0,0,8,3,0,1,0
5,1,46,10,7,0,0
0,0,51,4,5,0,2
0,1,68,9,7,0,2
0,3,64,4,9,1,2
0,1,8,1,3,0,2
0,0,46,5,0,0,0
1,1,69,7,7,1,1
0,1,9,3,2,3,2
4,0,26,6,1,0,0
0,1,22,0,2,0,2
4,1,67,7,7,0,0
1,1,90,9,6,0,1
0,0,33,2,1,0,1
1,0,66,7,4,1,0
0,1,53,1,9,0,2
0,5,81,7,8,0,2
4,1,13,5,5,0,0
0,0,44,6,2,0,0
0,0,37,0,3,0,1
0,0,67,9,5,0,1
0,0,1,0,0,0,1
0,0,23,1,0,0,1
0,3,67,7,11,0,2
1,0,32,3,3,0,0
3,1,53,5,4,0,0
1,1,62,7,4,0,0
3,0,85,9,7,0,0
5,2,89,11,9,0,0
1,0,26,3,2,2,0
3,2,84,12,5,0,0
0,4,84,7,10,0,2
0,1,41,4,4,0,2
1,0,44,3,6,1,0
0,0,22,0,7,0,2
4,0,70,7,6,1,0
0,0,45,4,4,0,0
0,0,22,0,1,0,1
0,0,21,0,1,0,1
0,0,46,5,0,0,1
0,1,49,4,7,0,2
1,1,56,7,5,1,0
0,0,23,3,0,0,0
5,0,88,14,7,0,0
2,0,45,6,2,0,0
0,0,62,7,4,0,1
3,1,61,8,6,0,0
0,0,19,0,0,0,0
0,0,35,2,1,0,1
0,2,80,6,9,0,2
0,0,16,4,4,0,2
0,2,77,6,10,0,2
1,1,35,4,4,1,1
1,3,77,7,9,0,2
0,0,60,2,6,0,2
0,1,53,2,6,0,2
1,1,50,9,5,0,1
0,3,75,8,10,0,2
3,2,79,8,6,0,0
0,0,44,1,0,0,1
2,0,77,9,5,0,0
1,1,48,4,7,0,1
0,0,29,0,3,0,2
0,0,40,2,3,0,0
1,0,65,4,3,0,0
0,0,40,4,4,0,0
0,1,59,7,5,0,2
0,0,7,0,0,0,0
0,0,3,0,0,0,1
2,0,28,5,1,0,0
2,1,54,10,5,0,0
0,0,11,1,0,0,0
1,5,50,4,10,0,2
0,0,8,3,2,0,1
1,2,78,6,7,0,2
0,2,76,6,4,0,2
0,0,25,0,0,0,1
1,0,2,2,0,0,0
1,0,87,9,4,0,0
0,0,4,0,0,0,0
0,0,3,0,0,0,1
3,1,89,10,10,0,0
0,1,63,4,5,0,2
0,0,32,0,1,0,0
0,0,3,0,1,0,1
1,0,44,5,6,0,0
0,1,43,5,4,0,2
0,0,7,0,0,0,1
1,0,20,2,3,0,0
3,0,52,7,8,0,0
0,0,41,4,3,0,0
0,1,64,4,7,0,2
0,0,37,6,3,0,0
2,0,65,8,7,0,0
0,0,10,0,0,1,0
0,0,68,5,9,0,2
1,0,69,7,4,0,0
1,0,82,7,8,0,0
0,0,23,3,0,0,1
0,0,16,5,3,0,1
0,0,21,4,3,0,2
2,0,37,4,4,0,0
1,1,65,5,7,0,1
0,0,27,0,0,1,2
0,0,8,1,0,0,1
4,0,73,9,5,0,0
2,2,66,5,6,0,0
1,0,63,5,8,0,0
5,2,89,11,8,0,0
0,0,5,0,1,0,2
0,0,30,5,5,0,0
0,1,50,4,3,0,2
0,2,9,2,4,0,2
0,1,22,2,5,0,2
0,0,26,2,2,0,1
0,0,35,0,4,0,2
1,0,23,4,0,0,0
1,0,52,7,2,0,0
0,0,17,1,4,0,1
0,0,14,0,0,0,1
3,1,78,9,3,0,0
2,1,69,8,4,1,0
0,0,23,7,0,2,0
2,1,49,8,5,0,0
2,4,90,7,10,2,2
0,0,22,3,6,0,2
1,0,16,2,3,0,0
0,0,49,1,2,0,2
3,2,85,9,10,0,0
0,0,4,0,0,0,2
0,1,26,0,4,0,2
0,0,27,7,3,0,0
2,2,89,9,8,0,1
0,0,29,2,3,0,2
0,2,82,7,6,0,2
1,0,38,7,0,0,0
2,1,47,6,3,3,0
3,2,48,5,7,0,0
2,1,73,10,7,0,0
1,1,83,10,6,0,1
0,0,3,0,1,0,0
1,0,11,2,1,0,0
2,0,90,10,7,0,0
0,0,33,3,2,0,0
1,1,30,5,4,0,0
4,0,82,10,7,0,0
0,1,10,2,5,0,2
5,1,81,10,7,0,0
5,2,73,9,7,0,0
0,1,28,1,4,0,2
1,2,67,4,5,0,2
2,2,82,6,8,1,2
2,2,32,5,5,0,0
0,0,24,0,3,0,1
0,0,24,0,1,0,2
1,3,80,5,10,0,2
3,0,89,12,7,0,0
0,0,24,1,2,0,1
0,0,12,0,0,0,0
0,0,11,0,0,0,0
3,0,58,6,4,0,0
0,0,12,0,0,0,0
2,1,63,8,6,0,0
1,0,48,5,5,0,0
4,0,25,9,0,0,0
0,0,29,2,0,0,0
0,1,27,2,4,0,2
4,0,82,8,7,0,0
4,0,60,8,5,0,0
0,0,35,3,0,0,1
0,0,17,0,0,0,2
0,0,75,6,5,0,1
0,0,26,3,0,0,1
2,1,58,9,7,0,0
0,0,6,0,3,1,1
0,2,85,5,9,0,2
1,1,71,7,7,2,2
3,2,90,8,9,0,0
2,1,64,7,7,0,0
0,0,5,0,0,0,2
0,2,22,1,5,0,2
1,1,70,7,9,0,0
0,0,21,1,0,0,1
0,0,4,0,0,0,1
4,5,82,8,14,0,2
0,1,10,4,2,0,2
1,0,37,2,1,0,0
2,1,80,6,9,0,0
1,1,87,7,8,0,2
2,3,87,9,6,0,2
2,2,72,8,5,0,0
0,0,37,2,4,0,0
0,1,62,4,8,0,2
0,0,42,0,0,0,2
0,1,58,3,6,0,2
1,1,59,8,2,0,0
3,3,70,10,8,0,0
0,0,5,0,2,0,0
0,0,50,4,3,0,1
0,1,33,0,8,0,2
0,1,35,5,4,0,2
0,0,34,2,6,0,2
1,0,22,3,3,0,0
0,0,9,0,0,2,0
0,0,11,0,0,0,0
0,1,43,3,3,0,2
0,2,56,2,6,0,2
0,0,27,6,6,0,0
2,3,74,7,11,0,2
0,0,74,7,5,0,0
0,0,26,5,0,0,1
0,1,79,5,7,0,2
0,2,48,3,6,0,2
0,0,30,3,2,0,1
0,0,15,0,0,0,0
0,0,4,2,3,0,2
0,0,44,2,2,0,1
2,0,53,11,3,0,0
5,2,69,12,5,0,0
0,3,48,7,10,0,2
3,0,75,6,7,0,0
0,1,83,9,8,0,2
0,0,2,1,0,0,1
3,1,76,7,6,0,0
1,2,78,8,7,1,2
0,0,42,1,0,0,1
0,0,28,0,0,0,1
0,1,38,1,5,0,2
1,0,58,4,7,1,0
1,1,83,7,9,0,0
0,0,51,4,3,0,2
0,2,67,3,4,1,2
3,0,71,7,6,0,0
1,0,47,6,5,0,0
0,0,35,6,3,0,1
0,2,76,8,8,0,2
2,0,69,7,2,0,0
0,0,41,3,2,0,1
2,0,31,5,3,0,0
0,0,4,0,1,0,0
2,0,41,6,3,0,0
0,0,40,4,2,1,0
0,0,24,2,1,1,1
1,0,45,4,4,0,0
2,3,81,6,8,0,2
3,3,87,7,10,0,0
2,4,72,6,9,0,2
2,4,76,7,7,0,2
2,0,41,6,0,1,0
1,0,55,6,3,0,0
3,2,67,9,7,0,0
1,1,85,7,8,0,0
2,0,48,7,4,1,0
0,0,9,0,0,1,2
0,0,20,0,0,0,0
0,0,7,0,0,0,1
1,3,65,7,8,0,2
1,5,82,9,10,0,2
0,0,13,0,1,0,1
2,1,55,5,4,0,0
0,0,24,0,0,0,1
1,0,22,3,0,1,0
0,0,27,0,1,0,2
1,0,22,2,3,0,0
0,1,24,0,3,0,2
0,0,4,0,1,0,1
3,0,74,7,4,0,0
1,0,35,4,1,0,0
0,0,6,1,0,0,0
0,0,56,5,4,0,2
0,1,63,6,4,0,2
1,1,65,7,6,0,1
2,0,40,8,2,0,0
0,0,37,1,4,0,1
1,0,77,7,5,0,0
1,0,72,7,3,0,0
0,2,28,1,5,0,2
4,3,84,7,8,0,0
0,0,23,5,3,0,0
0,1,35,1,7,0,2
0,1,56,5,5,0,2
1,1,60,6,7,0,0
0,0,29,2,2,0,0
4,5,82,8,9,0,2
1,2,38,4,6,0,2
0,1,42,6,5,0,2
1,0,70,8,5,0,0
0,0,32,1,0,1,0
1,2,80,6,11,0,2
0,2,66,7,8,0,2
0,0,25,2,0,0,1
2,2,75,8,6,0,1
2,2,68,4,8,0,1
0,0,53,4,4,0,0
1,4,52,7,7,0,2
0,0,5,2,0,0,0
0,0,18,4,0,1,0
1,2,82,8,11,0,2
0,1,8,3,3,0,2
0,3,67,3,9,0,2
0,0,35,2,3,0,0
0,0,45,1,4,0,2
0,0,10,0,1,0,0
0,0,2,3,0,0,0
1,4,33,3,7,0,2
0,1,66,5,5,3,2
0,0,20,2,5,0,2
2,4,78,8,9,0,2
1,0,87,10,9,0,0
1,1,62,4,3,0,0
0,2,33,1,4,0,2
3,0,50,8,4,0,0
0,0,2,0,2,0,1
2,0,70,8,1,2,0
0,0,7,1,0,0,2
0,0,29,3,2,0,1
0,0,6,1,0,0,1
0,0,34,1,4,0,2
0,0,35,3,4,0,1
0,0,73,4,6,0,0
0,0,58,3,3,1,1
2,1,75,8,5,0,0
2,2,59,7,8,0,2
1,0,10,4,0,0,0
0,0,24,0,3,0,0
0,1,74,7,7,0,2
2,1,83,9,5,0,0
1,0,67,4,4,0,0
0,0,26,3,3,0,2
1,0,28,2,0,0,0
0,0,40,2,1,0,0
0,0,15,0,3,0,2
0,2,52,2,6,0,2
0,0,21,2,0,0,0
1,0,53,4,3,0,0
1,1,55,7,4,0,0
2,3,73,9,11,3,2
1,3,61,6,7,0,2
1,1,42,4,4,0,1
0,0,57,2,6,0,2
0,0,10,0,0,0,2
1,0,21,5,2,1,0
0,0,39,3,0,0,0
0,0,28,0,0,0,1
0,1,53,4,4,0,2
0,3,22,6,5,0,2
0,3,74,8,6,3,2
0,1,38,5,6,0,2
0,1,55,2,6,0,2
0,2,52,8,5,0,2
3,0,58,5,4,0,0
2,1,75,7,7,0,0
0,2,35,2,5,1,2
0,1,67,6,6,0,2
1,0,65,5,6,0,0
0,2,80,5,5,0,2
3,3,85,8,9,0,2
0,0,29,2,3,0,1
0,0,19,0,2,0,0
0,0,15,0,0,0,2
2,1,52,5,4,0,0
2,0,21,3,0,0,0
0,1,52,5,7,0,2
0,0,18,0,3,2,2
0,0,36,0,2,0,1
1,0,51,3,5,0,0
3,0,87,8,7,0,0
2,2,56,6,6,0,0
3,1,80,11,7,0,0
2,2,75,6,6,0,0
0,0,14,0,0,0,1
0,2,36,1,5,0,2
0,1,33,2,7,0,2
0,0,8,0,0,1,0
5,5,87,11,11,0,1
1,0,9,1,0,0,0
0,0,29,1,0,0,0
0,1,85,3,10,1,2
0,1,31,2,3,0,2
1,0,23,6,1,0,0
2,1,82,8,6,0,0
0,0,24,3,0,0,1
0,1,60,7,6,0,2
0,0,12,1,0,0,2
1,0,55,5,4,0,0
0,0,72,6,6,0,2
2,4,63,6,8,0,2
0,0,7,2,0,1,1
0,0,17,0,0,0,1
1,1,79,8,3,0,0
2,2,81,9,6,0,1
1,2,67,4,6,2,2
2,2,61,7,6,0,0
0,0,36,3,3,0,1
0,1,74,5,8,0,2
0,0,20,3,0,0,0
0,0,34,0,1,0,1
2,3,87,11,11,0,2
3,2,26,5,4,0,0
1,0,35,3,0,1,0
1,0,32,3,2,0,0
0,0,8,0,0,0,0
0,0,13,0,0,1,1
0,0,59,2,3,0,2
0,0,47,2,4,0,2
1,0,44,3,1,0,0
0,0,22,2,3,0,0
1,1,30,5,5,0,1
0,0,5,0,0,0,2
0,0,4,2,0,0,1
0,0,7,2,2,0,2
3,2,53,6,9,0,0
1,0,30,3,1,0,0
1,0,24,5,2,0,0
0,1,9,3,4,1,2
0,0,1,0,0,0,0
0,1,21,2,4,0,2
0,0,71,3,7,0,1
0,1,43,4,7,0,2
0,2,82,7,8,0,2
1,1,63,5,4,0,1
0,0,47,2,4,0,1
0,0,44,4,3,0,0
0,0,52,4,3,0,1
0,1,37,4,3,0,2
1,1,45,5,6,0,0
0,0,52,5,2,0,1
0,2,29,2,4,0,2
0,0,5,0,0,0,0
1,0,34,8,0,0,0
0,0,8,0,0,0,0
0,0,12,2,0,0,0
0,1,64,6,4,0,2
1,0,40,2,2,0,0
0,3,80,2,9,0,2
0,2,65,4,9,0,2
0,3,52,5,7,0,2
3,0,42,7,4,0,0
1,2,86,8,7,0,2
0,0,50,5,4,0,2
0,0,23,3,2,0,1
2,4,78,9,8,0,2
0,0,69,2,4,2,0
1,1,16,3,2,0,1
1,0,26,3,5,0,0
0,1,68,6,4,0,2
1,3,60,6,8,0,2
0,0,28,1,0,0,1
1,1,52,4,5,0,1
0,0,51,2,2,0,0
0,0,53,5,3,0,0
1,2,73,9,7,0,2
0,0,14,1,2,0,2
0,0,18,0,0,0,0
1,1,59,6,6,1,2
0,0,32,4,4,1,2
0,0,3,0,1,0,0
0,0,15,2,0,0,1
5,0,66,6,4,0,0
1,0,36,6,0,0,0
0,1,20,0,3,0,2
0,0,5,0,0,0,1
0,0,22,2,0,0,0
0,0,5,1,1,0,2
0,0,19,0,5,0,2
0,0,22,0,3,0,1
0,2,47,0,6,0,2
1,1,88,8,8,0,0
0,1,18,1,5,0,2
1,5,85,8,10,0,2
1,1,68,9,7,0,1
0,2,25,0,6,0,2
2,0,55,7,1,0,0
0,4,87,8,11,0,2
1,0,35,4,8,0,0
0,1,44,3,2,0,2
0,2,60,3,8,0,2
2,3,88,9,9,0,2
0,0,48,4,2,0,0
0,0,28,1,2,0,0
0,0,25,0,3,0,0
1,4,69,6,9,0,2
0,0,43,0,2,0,2
1,1,22,2,3,0,1
0,0,2,0,0,0,2
1,2,83,6,7,0,2
0,0,25,3,4,0,1
0,2,89,7,9,0,2
0,1,69,6,5,0,2
2,0,66,7,4,0,0
0,1,34,4,4,0,2
0,0,41,4,2,0,0
0,0,34,5,0,0,0
1,0,37,4,3,0,0
3,0,54,7,2,0,0
1,2,69,7,6,0,2
0,0,46,3,4,0,2
0,0,8,0,1,0,0
0,0,50,7,5,0,0
1,3,74,7,8,0,2
0,4,41,3,7,0,2
0,1,52,7,5,0,2
2,0,80,6,5,0,0
0,1,30,1,4,0,2
1,0,56,5,5,0,0
2,0,53,5,3,0,0
3,0,75,7,3,0,0
2,0,55,8,5,0,0
4,2,82,8,8,0,0
0,1,4,1,3,0,2
1,0,25,3,0,0,0
0,0,11,0,0,0,0
0,0,3,0,0,0,0
0,0,26,1,0,0,1
0,1,63,3,6,0,2
0,0,33,4,2,0,0
0,0,45,3,6,0,1
2,4,87,9,11,0,2
0,0,10,0,0,0,1
2,3,75,7,6,0,2
0,1,21,1,2,0,2
2,3,75,7,8,0,2
0,0,1,0,0,0,1
4,2,85,10,8,0,0
2,2,72,5,6,0,2
0,0,51,4,2,0,0
4,2,88,10,9,0,0
0,0,6,3,3,0,1
0,0,61,2,2,1,1
0,0,14,2,1,0,1
0,0,14,0,0,0,2
2,0,75,5,4,0,0
1,0,61,6,5,0,0
3,3,71,12,7,0,1
0,0,39,5,3,0,0
0,1,61,6,4,0,2
0,3,83,6,9,0,2
0,0,37,4,2,0,2
1,2,81,5,7,0,2
2,0,43,6,4,0,0
2,0,60,4,2,0,0
1,0,40,5,5,0,0
1,2,86,11,7,0,2
0,0,7,1,0,0,0
0,0,80,6,4,0,0
1,0,34,3,4,0,0
0,1,30,2,2,0,2
0,0,3,2,0,0,0
0,0,22,2,1,0,0
1,1,84,9,9,0,2
0,0,23,3,3,0,2
0,2,49,5,6,0,2
0,0,7,0,0,1,2
2,0,29,6,1,0,0
0,0,54,4,4,0,1
0,0,24,0,1,0,2
0,0,44,0,4,0,2
0,0,75,5,6,1,2
1,0,9,4,1,0,0
0,0,27,0,3,0,2
2,2,89,9,10,0,1
0,0,32,2,1,0,2
1,0,66,4,3,0,0
0,0,6,2,0,0,0
2,2,90,8,7,0,1
0,0,3,0,1,0,2
0,2,18,2,5,0,2
0,1,35,2,5,0,2
0,0,5,0,0,3,2
0,0,14,2,0,1,1
1,1,52,6,6,0,2
0,0,6,1,2,0,0
1,4,68,10,7,0,2
0,0,57,6,7,0,1
4,2,60,10,8,0,0
0,0,42,3,5,0,2
0,1,87,6,7,0,2
0,1,57,3,6,0,2
0,1,13,0,4,0,2
3,0,65,7,3,0,0
0,2,30,2,4,0,2
0,0,68,3,4,0,2
0,0,31,1,2,0,0
0,1,25,3,7,0,2
0,0,28,0,0,1,1
0,0,33,0,4,0,2
3,2,81,11,10,0,0
1,0,49,5,6,0,0
0,1,13,0,2,0,2
2,1,51,5,4,0,0
1,0,28,2,3,0,0
0,0,18,0,0,0,2
1,0,79,7,8,0,0
3,3,90,12,9,0,1
0,0,5,2,1,0,0
0,0,39,2,7,0,2
0,2,79,6,9,0,2
1,0,38,4,5,0,0
1,1,81,7,6,0,1
3,0,89,8,7,0,0
1,2,81,4,9,0,2
0,2,79,7,8,0,2
1,0,27,4,3,0,0
0,0,15,0,3,0,1
1,1,50,3,6,0,1
0,0,15,3,2,0,1
0,0,31,3,1,0,1
0,3,62,7,9,0,2
2,3,82,9,9,0,2
1,0,27,7,3,0,0
0,0,49,7,5,0,0
0,0,3,0,1,0,1
0,0,10,1,2,0,2
1,2,84,7,8,0,2
2,0,41,7,3,0,0
1,3,57,5,8,1,2
5,3,90,9,16,0,0
2,0,53,7,3,0,0
0,0,6,0,2,0,0
0,0,3,0,0,0,1
2,1,77,7,6,0,0
0,1,27,2,3,0,2
1,0,11,2,1,0,0
0,2,69,2,6,0,2
0,0,13,0,2,0,0
0,3,48,5,7,0,2
3,1,72,8,7,0,0
0,1,53,7,3,0,2
2,0,70,5,6,0,0
4,3,90,11,11,0,0
0,0,37,3,2,0,0
0,0,37,5,4,0,0
2,0,81,7,7,0,0
1,0,23,1,4,0,0
2,5,82,6,11,0,2
1,2,75,6,6,0,2
2,1,89,6,6,0,0
1,1,46,6,5,0,0
2,4,76,7,10,0,2
0,0,54,1,5,0,2
1,2,82,8,8,0,2
0,0,52,4,1,0,1
2,2,77,6,8,0,1
2,1,50,5,5,0,0
0,0,10,1,0,0,1
2,4,32,5,6,0,2
0,0,33,3,0,1,0
0,1,30,3,3,0,2
3,2,86,8,9,1,0
0,0,17,0,0,0,1
3,4,68,7,10,0,2
0,0,5,2,1,0,2
0,0,26,0,1,0,2
0,1,59,0,4,0,2
0,0,45,2,7,0,2
2,1,76,9,7,0,0
0,1,44,2,2,3,2
0,0,44,3,4,0,2
5,1,57,10,5,0,0
0,1,53,6,6,0,2
0,0,55,3,5,0,1
0,0,6,0,0,0,0
0,2,44,3,9,0,2
1,1,68,7,10,0,1
0,0,10,2,4,0,0
2,0,72,7,6,0,0
0,0,59,7,2,0,1
1,0,65,6,6,0,0
0,0,11,0,2,1,1
1,3,50,7,7,0,2
0,0,37,6,0,0,0
3,0,48,4,0,0,0
1,1,77,7,8,0,1
5,1,66,11,5,0,0
1,1,61,6,4,0,1
0,0,27,2,0,0,0
0,0,20,0,0,0,0
2,1,82,10,9,0,0
0,0,5,0,1,0,0
0,0,38,2,0,0,0
2,4,84,8,9,0,2
0,2,85,7,10,2,2
1,1,20,3,2,0,1
2,1,81,5,7,0,0
0,0,4,2,0,0,0
0,1,48,4,7,0,2
1,2,67,6,6,0,2
0,1,12,0,2,0,2
0,0,43,2,2,0,0
1,0,58,3,5,1,0
1,1,79,9,6,0,1
2,0,82,10,5,0,0
0,0,25,1,0,0,0
0,0,12,1,1,0,1
2,3,71,8,9,0,2
4,1,78,9,6,0,0
1,1,56,6,7,1,2
5,3,82,11,11,0,0
0,0,21,3,3,0,0
0,2,80,4,10,0,2
0,0,15,0,3,0,2
5,1,73,11,8,0,0
1,0,57,6,6,0,0
2,0,90,9,5,0,0
1,0,76,7,8,0,0
3,0,75,12,5,0,0
0,0,43,2,3,1,0
0,0,3,0,1,0,0
0,1,48,2,3,1,2
4,1,83,13,8,0,0
0,1,72,5,8,0,2
0,0,3,0,0,0,1
0,0,48,1,4,0,1
1,0,85,10,7,0,0
0,0,22,3,0,0,1
0,0,10,1,2,0,0
1,2,67,4,8,0,2
0,0,28,2,0,0,1
0,2,64,3,8,0,2
0,0,72,1,6,0,1
1,1,65,5,8,0,1
0,0,4,2,0,0,0
0,0,26,0,4,0,2
1,3,52,4,8,0,2
0,0,26,2,2,0,2
1,0,79,7,5,0,0
0,0,24,1,2,0,1
1,1,54,5,4,0,0
0,1,71,6,5,0,2
3,1,52,8,6,0,0
0,0,8,1,0,0,1
0,0,29,3,0,2,1
0,0,32,5,5,0,0
2,0,63,7,5,0,0
5,0,63,7,3,0,0
1,0,37,7,2,0,0
0,0,56,5,8,0,2
0,0,67,7,5,0,0
0,0,13,1,0,0,0
1,2,75,8,5,0,2
1,0,15,4,0,0,0
1,1,50,7,6,0,1
2,1,85,8,9,0,0
0,0,40,4,6,0,2
2,2,75,8,7,0,1
1,0,26,3,1,0,0
0,0,47,3,0,0,1
3,0,54,6,3,0,0
1,0,63,8,4,0,0
2,1,61,6,6,0,0
1,1,68,4,12,0,2
0,2,60,4,7,0,2
0,1,46,4,6,0,2
0,0,20,0,3,0,2
5,0,83,9,8,0,0
0,2,46,4,6,0,2
0,0,59,7,7,0,1
0,0,26,4,3,0,1
0,0,26,2,2,0,1
0,0,42,1,3,0,2
0,0,6,0,2,0,0
0,0,50,4,3,0,2
3,0,60,7,3,0,0
0,1,28,0,3,0,2
0,1,25,0,5,0,2
0,0,63,4,8,0,2
3,2,65,8,5,0,0
5,0,67,10,3,0,0
0,0,4,1,1,0,2
0,0,21,0,1,0,0
0,0,21,1,1,0,0
4,0,58,9,3,0,0
0,0,27,3,0,0,0
0,1,25,4,3,0,2
0,0,39,0,1,0,1
1,5,79,5,9,0,2
0,0,29,2,3,0,1
0,2,58,3,7,0,2
2,0,76,6,7,0,0
2,3,71,8,9,0,2
1,0,7,3,2,0,0
1,0,53,6,6,0,0
0,0,47,4,8,0,2
2,3,87,10,7,0,2
0,0,28,0,4,0,2
0,0,43,2,5,0,1
0,0,54,5,2,0,0
1,1,23,4,6,0,0
0,1,31,2,4,0,2
3,2,80,9,8,0,0
0,3,15,0,5,0,2
0,0,2,2,0,0,0
5,3,80,11,11,0,0
0,0,13,0,0,0,1
1,0,48,2,5,0,0
0,0,6,0,0,0,1
0,0,3,0,0,0,1
4,3,67,10,8,0,0
0,0,31,0,0,0,1
0,0,18,3,1,3,0
0,4,56,4,8,0,2
1,1,58,5,4,0,1
1,1,57,3,9,0,2
0,0,44,3,3,0,0
0,0,24,4,1,0,0
2,3,90,6,9,0,2
3,2,87,10,7,0,0
3,1,63,7,7,0,0
0,2,69,2,6,0,2
2,0,43,5,4,0,0
0,0,6,1,1,0,2
1,1,48,6,5,0,1
0,0,43,4,3,0,0
1,1,57,7,7,0,2
1,0,24,3,3,0,0
4,2,88,10,9,0,0
0,0,33,4,1,0,1
0,0,14,0,0,0,1
1,2,89,8,10,0,2
1,0,50,8,3,0,0
0,0,29,6,0,0,1
1,1,71,9,6,0,0
2,1,71,6,7,0,0
5,0,84,12,6,0,0
0,0,11,0,1,0,2
0,0,71,3,7,0,2
0,1,58,5,8,0,2
0,0,9,0,0,0,0
3,2,73,8,9,0,0
0,1,48,4,3,0,2
0,0,25,1,1,0,0
1,0,46,2,1,0,0
1,3,41,6,6,0,2
2,2,71,6,8,0,1
0,0,32,2,3,0,1
0,3,86,6,9,0,2
0,2,55,5,7,0,2
4,3,87,9,9,0,0
0,0,16,0,1,0,1
1,0,17,3,0,0,0
3,2,70,8,7,0,0
3,0,39,8,4,3,0
0,1,58,5,9,0,2
0,0,36,2,0,1,1
4,2,78,10,9,0,0
0,0,30,1,3,0,1
0,2,72,7,6,0,2
0,0,53,5,7,0,1
0,0,23,5,3,0,1
0,0,11,3,0,0,1
0,3,23,5,5,0,2
4,2,82,14,8,0,0
0,0,32,2,1,0,1
0,0,37,5,3,0,0
1,0,63,7,4,0,0
0,1,16,0,4,0,2
0,0,49,0,4,0,1
1,1,48,4,4,0,0
1,1,74,5,5,0,0
0,0,4,2,0,0,1
0,3,72,7,7,0,2
0,1,33,1,5,0,2
0,0,22,1,0,0,0
3,0,90,11,7,0,0
4,1,51,7,4,0,0
1,1,73,9,7,1,0
2,4,69,6,10,0,2
0,0,9,2,2,0,0
1,1,49,5,4,0,0
0,0,47,5,4,0,0
0,0,19,0,3,0,2
1,1,85,9,7,0,1
0,1,74,7,8,0,2
3,0,60,5,4,0,0
1,0,52,5,5,0,0
0,0,4,0,0,0,1
0,4,89,8,9,0,2
0,0,22,2,1,0,1
2,0,58,7,4,0,0
3,3,85,7,10,0,2
1,1,56,8,6,0,2
1,1,37,7,7,0,2
0,0,16,0,0,0,2
0,0,5,0,0,0,2
2,0,64,7,5,0,0
1,0,81,5,7,0,0
2,0,30,5,1,0,0
0,2,79,7,7,1,2
2,1,22,5,2,0,0
0,0,24,0,0,0,1
0,1,43,2,3,0,2
0,2,62,8,9,0,2
1,2,61,6,6,0,2
1,0,80,8,6,0,0
1,0,54,6,4,0,0
2,1,54,5,7,0,0
0,1,47,2,2,0,2
0,1,56,6,10,0,2
2,0,65,6,7,0,0
3,2,63,9,8,0,0
1,2,80,6,8,0,2
0,0,6,1,2,0,2
0,0,8,0,0,0,0
4,2,83,7,11,0,0
0,0,37,4,3,0,1
0,1,55,0,5,1,2
0,1,38,0,5,0,2
3,1,73,11,5,0,0
1,0,46,4,2,0,0
1,0,48,4,4,0,0
0,1,25,2,4,1,2
0,0,40,0,2,0,0
0,1,55,3,6,0,2
0,0,7,0,0,0,1
0,0,36,3,5,1,1
0,0,8,0,0,0,0
2,2,63,6,5,0,0
0,0,71,5,6,0,2
1,0,69,6,6,0,0
0,0,38,2,5,0,0
1,0,27,3,2,0,0
2,2,68,7,6,0,0
2,0,62,6,2,0,0
2,0,35,8,1,0,0
2,1,79,7,6,0,0
1,0,39,5,4,0,0
0,0,9,0,4,0,1
1,0,62,6,2,0,0
0,0,10,3,2,0,0
4,2,87,9,10,0,0
0,0,14,1,1,0,0
0,0,49,3,4,0,0
0,0,11,3,0,0,1
0,0,35,7,5,0,0
0,0,22,1,0,0,2
0,0,47,2,6,0,1
2,1,53,6,5,0,0
1,0,69,6,7,0,0
3,0,55,6,6,0,0
0,0,13,2,2,0,1
1,0,18,4,3,0,0
1,0,39,5,3,0,0
0,0,41,0,0,0,0
1,0,33,6,2,0,0
0,0,11,0,0,0,2
0,0,10,0,0,0,1
0,5,77,5,9,0,2
0,1,67,7,6,0,2
0,0,30,3,2,0,2
1,3,68,5,5,0,2
1,0,52,7,4,0,0
0,1,57,2,3,0,2
4,5,87,8,13,2,2
3,0,44,6,1,0,0
0,0,24,3,4,0,0
0,0,13,0,3,0,1
0,0,11,0,0,0,2
2,2,88,6,9,0,1
0,0,21,2,2,0,1
0,1,73,8,3,0,2
0,0,52,2,5,0,2
2,1,82,7,7,0,0
0,0,18,1,1,0,2
1,1,43,4,3,0,0
0,0,36,0,1,0,0
1,1,89,10,6,0,1
2,0,45,5,2,0,0
2,2,60,9,7,0,0
0,0,7,2,0,0,1
1,1,84,6,5,0,2
0,1,87,7,7,0,2
0,0,5,0,0,0,0
0,0,52,2,7,1,2
2,0,74,6,7,0,0
1,0,9,1,4,0,0
0,2,59,3,9,0,2
0,0,36,2,5,0,1
0,1,32,3,3,0,2
0,0,8,3,0,0,0
1,0,37,4,3,0,0
1,0,26,5,2,0,0
2,0,22,2,1,0,0
2,2,90,7,6,0,1
0,0,33,4,1,1,1
1,5,88,5,9,0,2
0,0,25,1,0,0,1
0,0,63,6,9,0,2
1,1,77,4,8,0,2
1,0,74,8,5,0,0
3,2,76,9,6,0,0
1,1,45,3,6,0,2
0,0,2,1,0,0,2
0,0,18,2,3,0,1
0,0,55,7,5,0,0
3,0,82,9,5,0,0
0,0,12,0,0,0,1
3,2,79,9,7,0,0
1,2,74,6,7,0,2
0,0,21,4,3,0,2
2,0,51,2,3,0,0
1,0,27,5,1,0,0
1,0,40,3,2,0,0
0,0,19,0,2,0,0
1,0,39,5,3,0,0
1,4,84,5,8,0,2
0,2,70,4,5,0,2
0,1,68,11,8,0,2
0,0,14,3,0,0,1
0,0,28,1,0,0,0
0,0,18,0,0,0,0
0,0,1,0,0,0,1
4,4,89,11,12,0,0
1,2,74,5,8,0,2
0,0,6,6,0,0,0
1,1,66,7,8,0,0
1,0,52,6,4,0,0
0,1,59,7,7,0,2
0,2,58,5,8,0,2
2,1,68,6,5,0,0
1,2,72,7,6,0,2
1,4,67,7,8,0,2
1,0,7,3,2,0,0
0,1,42,3,3,0,2
0,0,4,0,0,0,1
0,0,25,4,1,0,1
0,0,2,0,0,0,0
2,1,42,6,3,0,0
4,1,75,9,3,0,0
0,0,26,3,0,0,1
0,0,17,2,4,0,2
0,0,6,0,0,0,0
0,0,22,2,0,0,1
0,0,30,1,4,0,1
0,0,73,6,4,0,0
0,0,18,3,0,2,0
1,0,58,5,5,0,0
2,4,75,7,11,0,2
0,0,4,0,0,0,0
5,4,90,9,10,0,0
3,1,82,9,7,0,0
3,1,80,8,8,0,0
0,0,74,4,7,0,1
0,0,5,0,0,0,0
1,1,48,2,3,0,2
0,0,5,0,3,0,2
0,0,17,0,0,0,0
0,0,26,3,2,0,2
0,1,65,3,6,0,2
0,1,55,2,4,0,2
0,1,73,9,5,0,2
5,3,81,9,9,0,0
0,0,13,2,0,0,0
1,0,18,4,1,0,0
2,0,74,10,4,0,0
0,0,28,2,1,0,2
0,1,37,4,5,0,2
0,0,17,0,2,0,1
0,2,54,6,5,0,2
2,1,85,9,6,0,0
2,1,72,6,7,0,0
0,0,1,1,0,0,1
0,1,22,0,6,0,2
0,0,42,3,3,0,0
0,1,35,0,3,0,2
1,1,74,7,3,0,0
0,0,51,5,3,0,0
0,0,13,2,0,0,0
0,0,41,5,2,0,0
0,0,20,1,2,0,1
0,0,3,1,0,3,0
3,1,60,9,6,3,0
0,0,4,5,1,0,0
1,2,59,6,4,0,2
0,1,64,2,5,0,2
0,0,8,0,3,1,2
1,0,25,4,3,0,0
1,1,79,7,7,0,0
0,1,30,1,2,0,2
0,0,48,5,4,0,0
0,1,54,1,4,0,2
0,0,22,2,2,0,0
0,0,20,3,0,0,0
2,0,89,11,5,0,0
2,1,22,4,7,0,0
2,0,46,5,5,0,0
1,4,87,6,12,0,2
1,3,44,7,6,0,2
0,0,7,0,2,0,0
0,0,9,0,0,0,2
1,0,66,6,3,0,0
1,0,43,5,3,0,0
0,1,61,2,8,0,2
0,0,12,1,0,0,0
0,1,31,5,3,1,2
0,3,73,5,9,0,2
0,2,73,8,10,0,2
0,0,10,0,1,2,1
0,0,34,2,4,0,0
0,3,72,6,8,0,2
1,0,48,5,2,0,0
4,0,59,7,5,3,0
0,0,9,2,0,0,0
1,4,74,7,10,0,2
0,0,31,1,2,0,0
0,1,49,1,4,0,2
2,1,64,7,5,0,0
3,1,69,8,8,0,0
0,0,24,3,0,0,0
0,0,41,2,5,0,2
2,0,64,9,4,0,0
3,1,64,7,7,0,0
2,1,86,9,9,0,0
0,0,27,2,2,0,1
0,2,62,5,8,0,2
0,0,14,0,0,0,1
1,0,85,8,6,0,0
0,0,16,0,2,0,0
0,1,56,8,2,0,2
0,0,29,1,3,0,1
0,1,52,3,4,0,2
0,3,44,3,6,0,2
0,0,44,6,0,0,0
2,1,79,10,6,0,0
0,1,29,1,4,0,2
2,0,62,7,7,0,0
0,2,88,5,6,0,2
1,1,70,8,5,0,0
0,0,2,0,1,0,0
0,1,75,4,5,0,2
0,2,58,3,6,0,2
0,0,26,0,1,0,0
1,0,33,2,3,0,0
0,1,6,1,2,0,2
0,0,16,0,2,0,1
0,0,17,2,1,0,2
0,0,6,0,0,0,1
0,0,17,1,0,0,1
1,3,83,6,8,0,2
3,2,66,6,9,0,0
5,1,66,8,6,1,0
2,0,32,5,2,0,0
2,3,62,6,5,0,2
0,0,1,3,0,0,0
0,0,21,2,4,0,1
0,0,62,4,6,0,0
3,0,59,7,4,0,0
2,1,69,7,4,0,0
0,3,70,7,7,0,2
1,0,63,4,4,0,0
2,3,84,7,11,0,2
3,4,57,6,8,0,2
0,0,26,6,4,0,0
1,1,75,8,6,0,0
0,0,57,3,4,0,1
3,5,90,8,11,0,2
1,3,90,7,7,0,2
2,1,61,7,8,0,0
1,2,79,7,7,0,2
3,3,64,6,8,0,0
3,1,73,9,7,0,0
1,0,81,8,11,0,0
1,0,61,7,1,0,0
1,1,58,5,6,0,2
3,1,73,7,8,0,0
0,0,79,5,7,0,1
2,1,45,7,4,0,0
0,0,61,6,2,0,1
0,0,51,7,5,0,1
0,3,80,7,7,0,2
0,0,3,0,1,0,0
0,0,8,2,0,0,1
0,2,58,2,7,0,2
0,2,67,6,7,0,2
0,2,42,2,7,0,2
0,0,70,8,6,0,1
1,0,59,8,3,0,0
1,1,86,8,7,0,2
0,0,4,0,0,1,0
4,4,84,8,7,0,2
0,1,40,7,5,0,2
0,0,25,3,0,0,0
0,0,2,0,1,0,1
0,1,78,7,8,0,2
0,0,43,5,5,0,2
0,0,33,2,1,0,0
2,2,68,5,7,0,2
2,5,71,9,10,0,2
1,0,6,4,0,3,0
3,1,82,6,8,0,0
0,0,49,2,2,0,2
0,0,4,0,3,0,2
1,1,45,4,5,0,0
0,3,85,7,9,0,2
0,0,49,6,2,1,1
3,2,68,7,7,0,0
0,0,5,0,0,0,1
0,1,68,3,4,0,2
0,0,45,6,0,0,1
0,0,9,1,0,0,1
0,5,73,5,9,0,2
0,0,15,0,2,0,2
1,0,33,7,2,0,0
1,1,67,7,4,0,1
3,2,85,7,9,0,0
0,0,48,4,1,0,0
0,0,63,4,4,0,0
0,1,61,6,5,0,2
0,2,84,8,9,0,2
0,0,35,4,1,1,0
1,0,46,6,3,0,0
1,0,17,2,0,0,0
0,0,46,3,5,0,2
0,0,36,2,3,1,0
2,2,81,7,11,0,2
0,0,33,3,2,1,2
5,0,68,7,5,0,0
1,2,48,7,7,0,2
0,0,33,4,1,0,0
1,1,76,7,6,0,0
1,2,18,3,5,0,2
2,1,37,3,3,0,0
4,2,68,6,7,0,0
0,0,41,6,1,1,0
0,0,42,1,6,0,1
5,5,82,11,11,0,0
0,1,48,2,5,0,2
0,1,69,6,5,0,2
0,0,10,0,1,0,0
2,0,49,4,2,0,0
0,0,10,0,1,0,0
1,0,7,3,0,0,0
0,0,4,3,0,0,0
0,0,58,6,9,0,2
0,0,44,6,4,0,0
0,1,35,3,5,0,2
0,0,9,0,2,1,2
3,4,90,10,10,0,2
2,1,62,8,8,0,0
2,1,84,8,6,0,0
0,0,9,2,0,0,1
0,0,6,0,0,0,1
0,1,71,6,4,0,2
0,0,20,1,2,0,0
0,0,39,2,1,0,1
2,0,50,6,3,3,0
0,0,23,2,2,0,0
0,0,31,0,0,0,1
0,5,82,4,11,0,2
0,0,9,2,0,0,2
1,0,23,5,0,0,0
0,0,11,0,0,0,2
0,0,16,1,2,0,1
2,2,74,5,9,0,1
2,0,58,5,6,0,0
0,1,50,6,5,0,2
1,0,55,5,5,0,0
2,1,57,12,6,0,0
0,0,6,0,0,0,0
1,2,75,7,9,0,2
1,0,47,4,5,0,0
4,3,83,8,9,0,0
0,0,12,0,3,0,1
0,0,25,1,2,0,1
0,0,42,3,3,1,1
1,2,30,2,6,0,2
2,1,65,8,4,0,0
1,0,86,7,7,0,0
1,0,58,4,3,0,0
0,0,42,2,3,0,1
0,1,12,0,3,0,2
1,1,70,5,6,0,0
0,0,2,0,0,0,0
0,0,18,3,0,0,0
0,1,19,0,3,0,2
2,0,38,5,3,0,0
0,0,20,1,4,0,2
0,0,28,6,2,0,0
1,0,28,4,3,0,0
0,2,29,1,6,0,2
1,0,60,5,2,0,0
0,1,40,2,6,0,2
1,0,2,2,0,0,0
1,0,60,8,4,0,0
0,2,51,6,7,0,2
2,3,85,7,10,0,2
1,0,80,6,5,0,0
0,0,14,1,0,0,0
1,0,44,2,3,0,0
2,0,73,7,8,0,0
1,2,70,7,6,0,2
1,1,75,5,7,0,0
0,3,52,4,6,0,2
0,2,54,6,11,0,2
0,0,52,2,4,0,0
0,0,26,2,3,0,1
0,1,38,4,7,0,2
0,0,9,0,0,0,2
0,0,22,0,2,0,2
0,0,13,3,0,0,0
0,0,24,1,2,0,1
0,4,70,7,10,0,2
1,4,85,10,8,1,2
1,1,84,6,8,2,1
0,0,49,3,5,0,2
1,0,68,6,3,0,0
2,0,81,9,3,0,0
0,0,26,2,0,0,0
2,1,59,6,5,0,0
0,0,10,0,1,0,1
0,0,40,6,1,0,0
3,0,84,10,7,0,0
0,0,28,1,4,0,2
0,0,38,5,0,0,1
1,1,26,7,3,0,1
0,2,48,2,7,0,2
0,0,10,2,1,0,1
0,0,30,4,3,0,1
0,0,15,0,0,0,0
0,0,15,2,3,1,1
0,1,39,2,4,0,2
0,0,7,0,1,0,1
0,0,36,3,1,0,0
0,0,46,1,3,0,0
4,1,71,11,6,2,0
2,2,50,9,6,0,1
0,0,42,0,1,0,1
0,0,2,0,1,0,1
0,0,28,0,2,0,2
2,1,52,5,5,0,0
0,0,8,2,1,0,0
1,0,39,5,5,0,0
0,0,9,1,1,1,0
0,0,23,1,0,0,1
3,2,74,7,8,0,0
0,0,47,3,0,0,2
1,0,40,6,1,0,0
0,0,12,3,1,0,1
1,2,74,4,7,0,2
3,1,60,7,6,0,0
2,1,85,8,8,0,0
0,0,31,3,1,0,1
1,1,63,6,3,0,0
0,0,7,0,1,0,2
0,5,75,5,9,0,2
0,1,28,2,3,0,2
0,0,52,3,3,0,1
2,2,77,5,7,0,1
0,0,10,0,3,0,2
0,3,60,3,9,0,2
1,0,23,5,0,0,0
1,0,75,7,6,0,0
0,0,5,1,2,0,2
2,4,67,5,9,0,2
0,2,21,1,7,0,2
0,0,1,0,0,0,2
0,0,13,1,0,1,2
0,0,24,0,0,0,2
5,4,89,8,11,0,0
2,1,51,6,7,0,0
0,0,23,2,0,0,0
2,2,76,9,5,0,0
0,0,1,0,0,0,1
0,0,33,3,4,0,0
1,0,66,2,6,0,0
0,0,7,2,0,0,0
0,0,12,1,1,0,1
2,1,80,7,9,0,0
1,1,77,6,2,0,1
0,0,30,0,3,0,1
1,0,68,9,3,0,0
1,1,48,6,3,0,1
0,1,74,3,5,0,2
0,2,14,1,5,0,2
0,0,12,0,2,0,2
0,0,13,0,0,0,0
1,0,56,5,2,0,0
1,5,74,6,11,0,2
3,0,57,6,1,1,0
0,4,53,4,8,0,2
0,0,61,5,6,0,2
3,0,57,5,3,0,0
1,0,36,2,3,0,0
0,0,18,0,2,0,2
2,0,53,5,2,0,0
0,0,18,0,0,0,1
0,0,30,7,5,1,0
0,0,50,1,5,0,2
1,0,41,4,2,0,0
1,0,56,7,2,0,0
0,0,56,3,5,0,1
0,0,60,4,3,0,0
0,1,38,5,6,0,2
0,2,82,8,9,0,2
2,0,34,5,2,0,0
0,0,38,2,4,0,1
1,3,60,3,8,0,2
2,0,78,9,3,0,0
0,0,24,3,1,0,0
0,1,77,5,7,0,2
2,2,89,9,5,2,1
1,3,60,4,7,0,2
0,0,32,2,5,0,1
0,0,17,0,1,0,1
3,2,80,6,8,0,0
0,1,27,0,3,0,2
0,1,18,3,3,0,2
3,3,84,11,9,0,0
0,0,14,3,0,0,0
1,2,59,5,4,0,2
0,0,61,5,5,0,1
1,1,17,6,5,0,2
1,0,82,6,6,0,0
0,2,59,3,7,0,2
0,0,11,0,1,0,0
3,2,83,8,5,0,0
0,0,21,2,1,0,0
1,0,51,6,3,0,0
0,2,66,8,5,0,2
1,0,87,7,5,0,0
2,0,66,4,5,0,0
0,0,40,5,3,0,0
0,0,24,4,1,0,1
0,0,8,2,2,1,2
0,1,45,4,5,0,2
3,1,53,8,6,3,0
0,0,62,5,6,0,0
2,1,74,11,8,0,0
0,1,57,4,5,0,2
2,0,32,5,2,0,0
0,0,2,0,0,0,2
1,0,26,4,0,0,0
0,0,3,0,0,1,0
0,1,42,3,2,0,2
0,4,55,4,8,0,2
2,2,79,9,9,1,2
1,3,84,6,8,0,2
5,1,62,9,5,0,0
1,2,55,8,6,3,2
0,0,3,0,1,1,2
0,0,2,0,0,0,1
1,0,71,7,4,0,0
0,0,24,0,2,0,1
1,3,74,6,9,0,2
0,0,31,3,5,0,0
0,1,12,0,4,0,2
0,1,62,3,4,0,2
0,0,4,0,2,0,2
2,2,60,6,5,0,0
1,1,81,8,8,0,0
2,4,80,8,9,1,2
1,0,70,5,4,0,0
3,5,78,8,8,0,2
2,2,84,7,9,0,1
1,4,69,8,9,0,2
1,2,64,8,8,0,2
0,0,83,7,5,0,0
0,0,4,2,1,0,2
1,2,74,6,6,0,2
0,0,14,1,0,0,1
1,0,79,7,4,0,0
0,0,29,2,4,0,2
0,0,22,0,2,0,0
4,0,70,9,6,0,0
0,1,9,0,4,0,2
3,1,58,10,5,0,0
0,0,13,0,4,0,1
1,2,89,9,9,0,2
0,0,28,4,3,0,1
1,1,57,5,5,0,2
2,1,87,9,8,0,0
3,0,52,7,2,0,0
0,0,30,2,1,0,0
0,0,3,3,0,2,0
4,0,29,5,0,0,0
1,0,77,5,7,0,0
0,0,4,0,0,0,2
1,0,16,6,0,0,0
0,3,63,7,8,1,2
4,2,67,9,7,0,0
5,0,55,8,5,0,0
0,1,69,8,9,0,2
0,0,33,5,2,0,0
4,1,71,10,4,0,0
1,1,73,8,8,0,2
0,1,51,3,10,0,2
0,0,15,0,0,0,1
0,2,67,5,6,0,2
1,0,36,4,3,0,0
0,1,16,1,4,0,2
2,0,36,7,0,0,0
0,0,2,0,0,0,0
0,4,73,5,10,0,2
0,0,16,3,3,0,2
0,0,43,6,0,0,1
0,0,32,0,2,0,1
1,0,4,4,0,0,0
0,0,19,1,3,0,0
1,4,85,6,9,0,2
2,0,58,5,5,0,0
1,2,62,5,3,0,2
0,0,5,3,0,0,0
4,3,87,11,7,0,0
0,0,10,0,4,0,1
0,0,30,3,1,0,1
0,0,17,1,1,0,2
2,0,25,3,1,0,0
0,0,4,0,1,0,2
0,0,13,0,0,0,1
2,1,25,5,4,0,0
1,1,72,7,2,0,0
0,0,31,4,1,0,1
0,0,25,0,4,0,1
0,0,14,1,3,0,1
0,1,39,4,4,0,2
1,0,53,4,4,0,0
0,2,77,8,9,0,2
0,0,36,3,3,0,0
2,3,85,8,6,0,2
0,0,2,0,1,0,1
1,0,31,2,0,0,0
0,0,36,1,4,0,2
0,0,2,0,0,0,0
1,0,26,5,5,0,0
1,1,90,9,9,0,1
0,0,7,0,2,0,0
0,0,1,0,1,0,2
0,0,65,2,4,0,0
1,0,38,3,0,0,0
0,2,36,5,6,0,2
0,0,5,0,0,0,0
4,2,82,9,7,0,0
0,0,42,6,2,0,0
0,0,51,3,3,0,0
0,0,8,1,0,0,0
0,1,37,3,3,0,2
5,0,68,10,6,0,0
1,1,59,7,4,0,0
3,3,81,7,7,0,0
1,3,60,7,8,0,2
1,0,83,8,7,0,0
0,0,1,2,0,0,1
0,0,67,3,6,0,1
0,0,51,0,4,0,2
0,0,13,0,0,0,1
0,0,41,0,2,0,1
3,2,85,6,8,0,0
1,0,22,2,1,0,0
3,1,71,8,5,0,0
0,0,30,2,1,0,1
1,2,59,5,7,0,2
0,0,17,1,6,0,2
0,0,58,6,3,0,1
0,1,65,6,11,0,2
1,0,49,6,3,0,0
1,0,36,1,4,0,0
0,1,30,4,4,0,2
0,2,71,7,8,0,2
0,1,21,2,6,0,2
0,0,12,0,1,0,0
3,0,47,7,5,0,0
0,0,3,2,1,0,1
0,0,77,2,6,0,1
0,0,47,2,6,0,1
0,1,36,6,5,0,2
1,0,42,4,4,0,0
0,0,4,1,0,0,2
2,0,80,8,9,1,0
0,0,49,1,3,0,1
0,0,22,3,3,0,2
0,0,9,0,0,0,0
0,0,22,2,3,0,1
1,2,68,4,6,0,2
2,0,72,7,6,0,0
0,0,24,1,0,0,0
3,1,85,7,6,0,0
0,4,88,6,7,0,2
2,1,66,5,5,0,0
0,0,10,0,2,0,2
2,0,59,8,5,0,0
3,3,72,8,7,0,0
2,0,51,7,2,0,0
0,0,23,2,3,0,2
0,0,10,0,1,0,1
0,0,34,2,3,0,1
0,0,2,0,0,0,1
0,0,29,2,0,1,1
0,2,84,6,7,0,2
4,4,89,10,11,0,1
0,0,3,0,0,0,0
0,0,3,0,0,0,0
0,0,58,6,4,0,1
4,4,85,9,8,0,0
0,0,29,3,2,0,1
0,0,27,4,0,0,0
0,0,12,0,0,0,2
0,0,13,0,1,0,0
2,0,51,4,2,1,0
2,2,59,4,6,0,2
0,2,53,5,8,0,2
1,0,79,9,6,0,0
0,1,37,2,4,0,2
0,0,60,4,5,0,0
3,1,85,8,5,0,0
0,0,61,7,3,0,0
0,1,69,5,6,0,2
2,2,76,9,8,0,1
0,0,11,2,0,0,0
2,1,74,10,10,0,0
1,0,47,8,4,0,0
0,0,5,0,0,1,2
1,0,47,5,3,0,0
0,0,32,3,0,0,0
2,3,84,11,9,0,2
3,2,90,10,8,0,0
0,0,20,0,0,0,0
1,0,74,4,6,0,0
0,0,34,4,4,0,2
1,0,74,6,4,3,0
0,0,76,5,6,0,0
0,0,13,0,0,0,2
2,0,23,8,0,0,0
0,0,50,6,4,0,1
0,0,32,0,3,0,2
1,1,43,6,3,0,0
0,0,50,3,8,0,2
0,1,10,1,5,0,2
3,2,85,7,5,0,0
0,0,16,0,0,0,0
0,0,7,1,0,0,2
2,5,50,8,9,1,2
0,0,13,2,0,0,2
0,0,29,1,1,0,2
0,1,37,3,4,0,2
0,0,15,0,2,0,1
0,0,61,5,5,0,1
0,0,1,0,0,0,2
3,0,60,9,4,0,0
0,0,6,0,0,0,1
0,0,28,6,3,0,1
2,3,72,3,8,0,2
0,0,24,1,1,0,2
1,2,75,6,7,0,2
1,1,70,6,5,0,0
0,0,26,2,1,1,0
0,0,3,1,1,0,1
0,5,86,3,8,0,2
0,0,23,4,0,0,1
0,1,35,0,5,0,2
0,1,39,5,4,0,2
4,2,84,9,8,0,0
0,0,9,3,2,0,1
0,1,43,1,4,0,2
1,0,38,5,3,0,0
4,0,77,7,3,0,0
0,0,2,0,0,0,2
0,0,62,6,3,0,1
1,0,78,11,7,0,0
1,3,82,4,9,0,2
0,2,59,6,7,0,2
0,0,16,5,0,0,1
0,0,8,4,0,0,0
0,0,18,4,2,0,2
0,0,11,1,1,0,2
0,0,13,1,0,0,0
